sentence,label
cannibaleyes i a bowling and the shit ripped,0
because of ordinary shoe oloshi leleyi o depression co of ordinary nike sneaker if na lv or prada nko,1
godspeed mide gianee vhic tore heard he fall into depression after acting g o t,1
want her step brother home im so worried you dont even know i hope he know how much i care for him,0
ktml i think it itunes fault i cant download it on my mac now quot store busy quot if you got it anything awesome in the camerakit update,0
i just don t have the will to do much most day when i finally do get the energy to be productive it doesn t last any longer than a week i procrastinate all task even the easy one and i can t just can t think straight even one the day i am motivated to be productive i can t focus and i end up being really tired,1
your life your rule but why can t i finally make myself rest it s selfish but isn t making someone stay just for you to not feel bad also is they ll stop you but will only make you feel alone after a few week or so shouldn t we all ultimately live for ourselves why is suicide such a bad thing is it just because it s deemed morally wrong all of this ha probably been said a couple time i m sorry it s funny how the only thing that keep me going is that one musical group and my other hobby is this really it,1
i guess part of me didn t really want to die so i m heading back home now,1
masithoko dlomo mizzzidc i don t think depression will make you post such on twitter but i think there is more to her lash out than just the sneaker ugurl uyagower,1
i am a male within the armed force and never really got the chance to speak my mind about a lot of thing i wa always told by everyone thats male shouldn t cry or even show a slight a bit of sadness or else it would redeem them weak a little bit if background before the military i wa a person that would always have friend along with people i thought they would appreciate who i am later on bad luck started to come around or at least i thought it wa bad luck to this day i do not have any idea why thing happen around me or people i love it seemed like every week or month or so i would go to a funeral that wa among all my friend i made accident suicide cancer or even by natural cause so far i been to funeral at this point and not able to cry or shed a tear it seems like whenever i try to show an emotion to what ha happened it never doe then people look at me like a monster and think i am a psycho or a robot in reality i am lost in the void of either to try to keep or make more friend eventually i got to enlisting into the military to serve or find a purpose in life and eventually found myself in a deeper hole i remember i had a platoon size or so group of buddy i drank and had fun with a brotherhood many would call it a home away from home that did not really last long one by one they killed themselves due to various amount of situation either it be from a divorce or just pure depression that dragged them to the ground despite all these thing i came to the conclusion that i always will think i am a robot or even a ghost that sens nothing but just what go on non human to the point where at one point i saw them paint their brain on the wall a i walked in to give them a well needed drink my reaction wa nothing and to just calmly report it to the mp on base i am sorry elijah currently in the service still have about two year left my wife at home with the dog i do feel love for both of them but for me not at all i feel guilt in the fact of it all happening like i am the bad luck charm i been seeing what seems like people that i used to speak to and where alive around me at time my old friend that could have been around but aren t i am not much of a paranormal type person but i feel them watching me or even expecting me to join them at some point a heavy weight on my shoulder if you will i can t lose myself in thought or else they are everywhere so i keep it to myself and ruck on but believe me the demon have learned how to swim after i tried drowning them with drinking i keep going in life but what purpose what it be if i keep losing those i love whoever read this thank you to my wife a well i love you and our dog despite my dark situation i don t want my demon to win but they try every night who know if i will ever wake up to see something bright again,1
i m just so done of all this constant same thing everyday feeling like i m not even mentally conscious the whole time who even am i where did everybody i used to know go do they go through this to or am i just some sick i don t know if i can even talk to people about this derealization zoning out feeling i just don t even know anymore it s gotten to the point where i forget simple memory because i just don t feel like they happened so it doesn t matter i had an old friend of mine fuck you to hell cameron i hope you die they started to tell me that i wasn t a real person and that the people of the other land or some shit where waiting for u ever since i haven t been the same fuck you fuck you fuck you cameron you fuckingruined me you controlling manipulative narcissistic piece of living shit you shouldve died when you had the chance ypu ruined me why did any of this have to happen why did my parent divorce why i hate it why can t i just go back to when i wa ok and happy for once why did it all have to change why can t i just be pretty and amazing why can t i just live my life without feeling like this i can t even go a week ithout attempting to stab myself and just ending up with a stinging chest god this hurt just end it all i m so tired of living like this i m gon na make the choice soon at my dad i m not even sure if i want to yet i believe in god heavily but i don t even know if he can forgive me for this the way i m planning on doing it isn t gon na be pretty and i don t wan na traumatize my little brother he should have to see his sister like that not even in highschool dead i want to make the decision to just fucking do it already i have nothing to turn back to my home life is a mess after my parent divorce and i m constantly going back and force between parent it would eventually get exhausting don t you think im probably not gon na end up doing it anyways i really needed to let this out because god i m just so tired of everything,1
i have bad depression and anxiety over this i need not only advice because i ve been kicked out of hair sub but i need advice for what to say and how to explain to bully in school about my big thick curly hair,1
in bed i suddenly feel i wish ma wa here w me goodnight twitterfam,0
idk if anyone else get this feeling but i do and it never really go away i get this feeling everywhere and all the time like i just don t belong i always feel like i don t belong anywhere like no one will ever get me i know that sound kinda childish but it s true i just never belong anywhere and any time i try to talk about something i m very interested in it seems like i m the only one interested in these thing and i m always the one they call weird and ostracised i m always the butt of a joke with my friend and family i never get to talk about the thing i wan na talk about even my closest friend don t get me i just feel so alone all the time and it often lead me to making terrible decision any time i think i m happy i just ruin it then that lead me to get paranoid any time i m happy which again lead to me ruining it again i feel like this sound like nonsense but idk how to properly put this feeling into a coherent sentence sorry if this wa too long too,1
argh finally figured out whats killing inquizitor game on jailbroken device about 0 star review too late though fix on the way,0
i have been caught in a cycle of depression v being hyper active it is a struggle to stay focused in either of those state of being doe anyone have a track or a song or even something you made yourself to help get out of this hole i love music and i need a new sound please help,1
fallmaiden why it s such a big offence because constantly people tell me i should be ashamed for liking the show that it s trash that it s for child that i should die just for liking it that show brought me through the worst time of my depression and made me smile when i,1
living on neurofen for another day please go away headache,0
i ve always been scared if the dark it something i can t explain i know there s something there not trying to sound crazy lol everytime i put my phone down to sleep i just get crazy anxiety and start seeing thing sometimes i m going to wake up at pm tomorrow at this rate,1
got no one to talk to have no one around i ve been procrastinating on something for so long and i have no idea when i ll ever become serious or steadfast i just feel like a total waste i ve isolated myself which is making me go crazy right now no friend at all i m literally alone now feel like shit,1
fardachev reasonablemangh telefootball but we were winning thing it wa just imaginary depression on part of the football they got ole a manager and what did he do worse than moyes,1
it wa in hope someone would come over she ghosted 0 minute after telling me she wa on her way to hang out it s been maybe hour i wa going to shrug it off but it only added to my low mood the last couple day i don t even know why i keep my hope up anymore,1
i have a constant fear that i m going to have cardiac arrest or a fatal arrhythmia i f in good health just got back from the gym and it wa great now i m in my car about to get lunch and bam my anxiety kicked in and my heart started beating soo fast honestly it probs only beating 00bpm and all i can think about is what if i die from a cardiac event i m on beta blocker literally for my anxiety and am in therapy but sometimes these thought happen from time to time and it s frustrating i have no real problem with my heart and it s all in my head but sometimes i just wish it would turn off,1
all ready to go to the premier and just realized how under dressed i am,0
my chest feel so heavy and tight im having trouble breathing im nauseous and my head hurt so much,1
i love my atekinzz so much amp amp i soo miss her,0
sorry for the depression i have some problem that are long term and i suffer every second of everyday i am so tired of the mental pain of suffering everyday my eye will never be the same again and i only use my right eye i don t want to have such a shameful death but i wa wondering if you people believe this can possibly be a good choice i am about to have exhausted all of my treatment option,1
is my life over i m m i ve never really had many friend and have lonely and depressed for pretty much all my life my family situation ha always been kinda fked up too however my senior year of h i finally got a group that went to hoco with me and i ve talked to them and played video game with granted they weren t a close a friend could be but i still loved them man they also are friend with a big group of girl so recently tik tok comment from month ago and a verbal comment from month ago were brought up upon my investigation i couldn t find any proof of that verbal comment heck i don t even remember saying it so it ha to be false or blown up from something much more minute i do remember saying these girl made my only friend in the world drop me and have ruined my reputation i keep thinking suicidal thought wishing i had a gun to end it but then i remember my family and life i have i wa so excited to start college too but now they re trying to talking to school admin about this they have 0 proof so i don t think much will happen but i m so lonely now and want to kill myself it s all i can think about i wanted to go to prom with them to a senior summer trip with them but now it s all over man i wish i had a gun and could end it without hurting my family,1
we re here to help we are online therapy platform which essentially connects certified psychologist and people suffering from mental health issue such a depression stress and anxiety among dozen of other clinically defined disorder book your appointment now http t co pz vurvh0,1
doing my tax not in the best mood because of this,0
princedavey aww no invite lol jk coolness for the day off,0
i want ffxii really bad i never got a chance to play it,0
thogden every other year supporting norwich one good year in the championship then pure depression in the premier league,1
i ve been with my fianc two year we are both trans men in our mid 0 he ha been severely traumatized and ha ptsd for the past year especially after starting a grueling job that take up most of his time he ha become more and more depressed and suicidal he ha a history of multiple attempt i try to encourage him to talk listen and validate distract with humor and cheer and offer way to help i m not perfect and a lot of time i think i just make it worse by doing or saying the wrong thing or just maybe how i am i ve offered to pay for a hospitalization i ve offered to help call for therapist i ve offered to support him with saving so he can quit his job and take some time to heal but he refuse he won t accept any financial help i argue that his health is more important long term than money for the future but he won t accept it he can t trust his family either he oscillates between desperately wanting mental healthcare and mistrusting it due to a totally reasonable reaction to past experience lately it s just been so bad he is so dysphoric and every time he s reminded of his appearance he begin to spiral i can see it tonight he told me it s been the same a long a he can remember that he can t enjoy anything that he think about doing it every minute i listened and tried to comfort him and after a while asked if i can set a day to leave voicemail for some therapist he said i ve been trying to do that for the past two month i said i would sit down with him to help tomorrow and he didn t answer me he looked completely dead inside he told me he wanted to be alone and went to sleep on the couch he is asleep right now i feel like the weight of this is so heavy on me he is such a kind loving smart and beautiful person inside and out the person i want to marry and spend my life with but i feel like that person is disappearing into a void a year ago he had so much life in his eye i have severe adhd and anxiety and also am autistic i struggle a lot with executive functioning and forget important thing constantly i think i might by nature be a bad support though i try my best i probably seem distant and apathetic often i will never give up on him but i m barely capable of managing myself and i know i can t handle this alone i know i should not have to but it is how it is it s really getting to me and i have been becoming extremely depressed myself for the first time in a while we are set to marry in under a year i think delaying the wedding might take stress off but it feel like any major change i suggest would freak him out i just don t know every time he go out alone i m worried i could lose him i make sure not to be overly invasive or anything if i called the hospital or his parent he say it would just make thing worse i m just hoping when this job end in a couple of month he will be able to breathe a little i love him so much and my heart is hurting i m so scared i think he need more friend therapy time to himself and a different job but a much a i ve tried to i can t make that happen for him i feel so lost i just don t know there is no answer,1
i can t sleep i m stressing out jpc lt,0
rgdub yes i really wan na go bad but i have to work,0
stupid glass and it s ability to cut my foot,0
some of u are still living in denial about the state of the country that s the only way we get by day by day without falling into depression or anxiety,1
i m and my anxiety ha been getting worse and worse a i fly towards adulthood at mach i ve started carrying around a plush of one of my favorite character it really comforting i want to start brining it to school because that s where a lot of anxiety happens but i don t know if i ll be able to ignore everyone s judging eye doe anyone else do this is it a healthy coping mechanism,1
jeffree star jeffree how do you keep your hair one color my permanent dye fade within the week,0
marcfennell i should be in that photo,0
i m all snuffly and then hot and cold tired and bunged up woe is me,0
pyromg massive depression and sudden musical interlude i have two trait shut up,1
why don t the hot guy from my gym get on my train in the morning it s always full of dullard,0
austinhill i wish i wa sold out if you have some time let me know i would love to hear more about what you are up to,0
why the heck am i still awake i m usually so tired all the time but once a week it seems my mind body say no sleep for you wtf nosleep insomnia depression stress http t co oyjph znfy,1
need to study for quant and do legal process assessment for moro,0
i still feel toss though i wa better yesterday but actually realised im not when i woke up at am feeling sick,0
i miss you twitter my phone broke now i m using a stupid nokia phone ughhh i miss my advance phone,0
apsanabegummp ucu it s like he entirely discounted the idea that staff at non striking university might also be suffering depression overwork stress anxiety would it really be such a terrible thing to lead an investigation into the extent of these issue in the sector,1
almost finished with new moon if i didn t have to work tomorrow i would totally finish it tonight geez,0
amber benson my hubby for some reason think it s more important he ha a good spot for red carpet for the trek movie premiere sod,0
ha lost his ring it s no where to be seen,0
tomorrow is another day damn tomorrow is already today,0
i m fucked up badly with my 9f ex girlfriend and now i m so guilty of how i handled thing i m punishing myself mentally and physically i ve lost nearly 0lbs from not eating and going the gym so now i m around lb at i don t leave the house unless i have to and i just exist in my room everytime i smile or laugh i stop instantly because i don t feel like i deserve to feel happiness anymore i think i ve had a mental breakdown because i m so guilty all the time and i can t seem to forgive myself because it doesn t even feel real that i d decide to make the choice i made i don t even know who i am anymore if i can be so deeply confused at choice i ve made in hindsight imagine knowing deep in your heart you ve met the love of your life and you ve thrown it all away because you can t handle a simple issue,1
zenojones i can t go to sleep too much to do too little time long week ahead of me and ok i ll get u hat lol,0
casasteve vw forum are a nightmare for that enthusiast on forum always result in politics and bitching,0
i cant sleep missing the person i love most for the past yr of my life if only,0
the funniest part about that tweet is the lady saying her mom wearing her sneaker will spiral her back to depression obviously doesn t have real life problem if her mom wearing her shoe sends her into depression,1
a king sized bed is nice but sad and lonely with no hubby puppy or kitty i am over this whole conferenceing thing,0
why do i keep working for place that don t do the cycle work scheme disc at halfauds is good enough,0
i don t like this 9 malarky i should be out seeing my friend who i haven t seen in month stupid work,0
i have to take my sidekick back,0
ugh hate haviinq dis sleepiinq problemsz,0
cuprohastes don t feed car milky way though they don t like it that advert wa very misleading breaking down on the a isn t fun,0
hellobebe i also send some update in plurk but i upload photo on twitter you didnt see any of my update on plurk zero,0
quelle est la raison de votre d pression et pourquoi le etude,1
re pinging kyle custom icon i made look cool but the edge could be le square might look bad on a diff background,0
i am in pain my back and side hurt not to mention cry is made of fail,0
batmanyng i miss my p it s out of commission wutcha playing have you copped blood on the sand,0
is stucked in paris and can t even travel into france for work,0
i feel like i should change my picture but i don t think i could part with my bff audrey hepburn,0
planting a friend today not been to a funeral in gt 0 year,0
ridley 0 i agree the shapeshifting is a copout i wa so excited for angela s ep i thought it wa this week noah wa awesome tho,0
izzy artest miss you too it s been too long come back,0
tayswift i wa up at am btw congrats on winning album of the year you deserve it i can t not shed a tear to white horse,0
i wa at work today and suddenly felt really really sleepy for no reason i do feel sleepy sometimes but this wa like extreme sleepiness brain fog ish feeling that i haven t experienced at all which of course made me little bit anxious luckily my ha is more manageable now a i know how to handle it the sleepiness fatigue lasted for like 0 0 min and then i wa fine when i got home i m yo healthy male and the only thing i suffer from is pollen allergy p wa really proud of myself that i didn t panic at that moment cuz i would definitely panicked when my ha wa really bad,1
seems jruby support for hpricot is now two version behind,0
ase depression ke go nna ka motseng wa batswadi,1
ibrahimkrts stats feed wait is that the same depression a the original tweeter is comparing,1
funguyzz if you no find this guy dope and funny abeeg you never chop since yesterday or depression hook you plane just stop for air when no be say na magnito be pilot,1
i cant stop laughing this burger king commerical im so easily amused,0
argh driving into london today made a wrong turn at king x stuck in an extra 0 minute of logjam traffic,0
so far this year hasn t exactly been easy i ve been out of work cause my grandpa had back pain that he had to get surgery for then he had to be put in the hospital due to internal bleeding then he got diagnosed with cancer then he had to go to the hospital again due to fluid build up and if that weren t enough something happened between my dad and stepmom that had me afraid that they were gon na get a divorce or something thankfully thing had be getting better lately i managed to get an xbox series x my grandpa is out of the hospital and making a lot of progress on regaining his strength thing are now better between my dad and stepmom and a game i ve been eagerly looking forward to tiny tina s wonderland will be releasing this friday however my enthusiasm is starting to rain dramatically now i m getting to the point where i d have to work on final assignment and honestly i m not exactly feeling great about them one for my technical writing class ha so many step and aspect i have to try and think about that even though it s the one that ha me the least worried i feel myself getting depressed thinking about it but a for my maine history class that s the one that really ha me overwhelmed for that i have to write a term paper of at least double spaced page on an issue in maine history not only is that by far the biggest paper i would have to write since 0 0 but it s on a subject that i m seriously not exactly passionate about even though i m from maine i can t exactly think of any big issue in the state s history let alone one s i can write page about the closest thing i thought of is the fact that paleontology is very limited in this state but i m not exactly sure if that subject will fly and i m almost certain that won t be able to turn that into page now i m at the point where i m just absolutely sick of college and what assignment like this keep doing to me and my mental health i swear once i have enough credit for my associate degree i am fucking done with this shit i could keep going for my bachelor s but since i m going part time it will take me another year and i can t stand the idea of having to go through all that for that much longer,1
theekween it help with depression anxiety and loss of a loved one thelmasherbs,1
a i continue to learn about myself i feel so much of my depression stem from my personality temperance soul not designed to handle how our world frame itself i am nearing and my life is not going well nor ha it really ever full of trauma isolation depression confusion and anxiety never really worked at a real job when i wa younger i really never understood the idea that you get more comfortable with yourself a you grow older but for me it ha been true i have completely ignored who i am and all of the advice out there is geared towards let s call them person x x is data driven meticulous go from point a to point b in a line disciplined in their specific smart goal way craft category to understand and a lot more if you are an advice hound like me you have seen this person because nearly every piece of advice out there is built for x for you to succeed you must be smart goal oriented you must love the grind of this pattern dominated process you need to do it our way a this is the process i am not x i should have realized tho year ago a even when i play video game i couldn t stand tutorial i d skip all this winded text and i tried to brute force my way through intuition i am more fluid more random while i am constantly thinking and i am thought oriented i feel my thinking process is not quite a category pattern dominate i am best when i do not overthink when i shutdown my ego mind and just go do of course here in the u we have western value people will tell me to get over it this grind is the only way and that this is human nature maybe they re right but believing they re right ha failed me for year right now i am trying to break into a new field copywritig and i am horrified this field is completely dominated by x these tutorial are full of x way of thinking maybe i need to be x to do well in it this post wa sparked by a video that wa explaining the structure of a sale letter i think there wa 0 point thst you need to hit for a successful one which petrified and overwhelmed me btw copywriter think ai will never touch them but the more i learn about how pattern dominated sale is this is the perfect place for automation i mean right now a an example i am seeing a constant assault of people saying to hand write note and comment to active read these sale letter that are important problem is i don t read if i take note note taking is too bothersome it take me away from the text and my thinking of the text note taking for me is a seperate task not an extension of my thinking yet i am told i will fail if i do not do this process that i can not actively read and engage without this i don t know maybe it s true they always say study show this but they never cite the study so who fucking know seriously marketing and copywriting is full of people saying study show x but no citation i literally spend all my energy on just starting when i take note that i usually only read a page or two before giving up i know just grit and grind but i have never been able to but if i just read i can indeed read and get through the text i am not sure how i can do well in this new field or any field really i just don t feel built for it but i am sick of trying to find a field to get into i need to get my life moving i barely know how i work a i have constantly been pushing my o self into an x hole that i have never bothered to see how i function but maybe the x are correct i must be them in order to do really well in life i don t know but i hope i am not the only one that feel like this,1
ha realised that this time it might actually be final,0
who have these symptom i have it for month but im still anxious and scared,1
twitter is a lot le interesting since cute people suddenly stopped flirting with me,0
what a mistake buying that dress i dont even want to go to grad anymore,0
my gf ha several psychiatric condition including bpd ptsd and others and ultimately she say that she hate me and everyone around her for neglecting her and not helping this isn t entirely false a i have a few thing i m working on for myself but she undoubtedly ha it much worse she s been staying with me but primarily life with her parent a she can t be without her childhood home i m worried that me being around her is just making u co dependent or that my lack of real experience in psychology is making thing worse how do i know when i really am just making the situation worse by staying i am trying to improve and be a better support system for her but i m not improving fast enough problem is i m worried that if i leave her then she ll certainly have no real support even from her parent i realize it might be subjective but what are some thing to look out for,1
jonnyisgeek i cant watch it suck,0
i m a college student who ha changed their major different time and am currently pre med although i have always struggled in my science course for about the last year i have had zero motivation my gpa is slowly slipping a i never study or go to class i used to smoke weed all day i wa high most of 0 but i quit and now i just go on my phone in my room or watch movie i have no friend here and don t socialize i usually only leave my room to get food or to study for a test usually the day before or day of i get jealous when i see everyone hanging out and enjoying their college experience while i go to the movie alone or find other way to distract myself i keep telling myself i have to change but i never do i feel like my advisor have given up on me i don t even know if i want to be a doctor but it s a clear cut path that will allow me to help people and provide job security although my real dream is going to hollywood and trying to make it a a screenwriter i have been depressed and have cycled through a lot of medication with my doctor none of them work she now think i may have adhd i just struggle to think long term and have been extremely burnt out since senior year of high school before then i wa always a good student i don t know what happened to me i often fantasize about suicide or dying and lately have just been wishing to stay in my room and just do drug all day i don t know where my drive ha gone,1
i hate it i barely sleep on my weekend off day have to wake up early for work and i still feel tired usually everyday when i wake up for work i automatically have to go to the bathroom must be my anxiety because my off day i don t my work is great and i work by myself and see basically no one all 0 hour but still i won t be at home lol,1
maybe not just empty but part of me is absolutely devastated and the other part of me is aware that it s for the best and the rest of me is split between hate and love my emotion are so disconnected like mismatched puzzle piece nothing feel right not just because i m seeing a puzzle but because some piece are from another making it impossible to solve internally i want to go back and be babied by him and feel helpless in a good way but ha that ever happened no it wa an illusion he doesn t actually love me he never did all that talk of soulmates and staying into the end i don t know if i should even believed it or not i haven t believed in soulmates for year and this might be another reason why all because he said i love you wa i even loved,1
when i wa i sa d a girl in her sleep why i don t know i feel like shit every day because of it it genuinely make me feel like shit when i think about it i just don t wan na live anymore i ve made so many drastic mistake that i don t see the point in life now the sa story ha gotten around school i know and understand i did this to myself but i can t help but feel like shit i really just want to go back and get my old life back but no one belief me when i say i m sorry or i feel like shit because of it i feel remorseful but there s no way to convey that,1
can t sleep again face is kinda swollen don t let me be allergic to the thing that ll get me to thursday school tomorrow doubtful,0
if you get a concealer for hiding your dark spot then why dont you get one for your emotion emotion dark depression quote thought anxiety,1
it ha almost been month since i lost my nephew more like my brother though i wa at the time and he wa he wa the person that meant the absolute most to me we have both struggled with suicide our entire life i used to be a very emotional and empathetic person and i tried to make everyone happy i am no longer that in fact in the past year leading up to the event i had slowly lost my emotion empathy my ambition and pretty much everything that make a human human but when it happened i lost everything i wa and am no longer the person i wa i want to be happy again i want to care about people i want to care about music again i want to care about car again i want my hobby back most of all i want him back and what we had we were the same person our emotion the way we thought our diet everything affected our body the same way we thought about thing the exact same way our reaction were the same the thing we loved were the same for the most part our depression wa the same the thing that haunted u were the same the thing we were scared of were the same we were the same person i don t really know how to go on without him i have people that care about me but it doesn t matter they aren t him i don t even know why i m writing this this won t change anything i just wa listening to music he used to love and i wa finally able to cry a bit it s gone now though my feeling are gone again my life feel fake now,1
i put a resolution that if i didn t get a relationship by the time i m 0 i m going to kill myself at the end of the year i m 9 i turn 0 in mount i found someone but i really screwed everything up because i feel i don t deserve to be happy with anyone and this feeling like i should just end it all is still here on how a screwed everything up is i wasn t there when she needed me most when her mother died i talked to a few others and they think it s because i couldn t handle my mother s own mortality when this happened i retreated into myself and closed everyone out and barely spoke with anyone i don t know if i can make it much longer because i love her with everything i have and her heart is broken because of me i hurt her i can t fix it and i can t handle that,1
khensu i always feel like that too have an amazing day though xx,0
i am currently a senior at a prestigious college i worked really hard in high school to get there living a a lower middle class kid going to a high school that provided terrible education i never needed a pill or therapy or anything until my first breakup and my first year of college something shifted immediately suddenly i wa depressed i didn t have any plan for the future and i still don t over the year i used validation from sex with men social status and a crippling shopping addiction to deal and it ha been in and out but always there i started going on medication in college i am currently on anti depressant and vyvanse a i can no longer find any energy to do a single thing if i don t take it i hate it it make me even more miserable and my mood swing worse but hey at least i can get out of bed seeing my friend have the energy to go out on weekend them getting prestigious job being put together and looking at myself who ha no job lined up my partner is amazing but doesn t love me and i am in a shit ton of financial debt from personal debt like credit card to school loan i really lost any drive i had i ve been unhappy the whole time i ve been here for the past year it is absolutely fucking exhausting living like this my brain is always caught in negative thought loop i am so stressed that my neck and upper back are in pain i use kratom and other anxiety relief to cope my mood swing are horrible and even just fucking talking myself down every single day is so tiring i can t do this anymore i hate myself so much i hate my life i hate my diseased brain nothing help i m not even a good person a lot of the time knowing that i have to deal with this mental illness while working my entire life is too much to bear sometimes i am so angry i hit my head against the wall and hit myself with my hand i have so much anger and rage inside of me that never go away i don t even feel capable of learning anymore i am convinced my brain can no longer retain information and that i m just fucking stupid and worthless i want to die i really really can t take it much longer,1
my abusive mom got off she died ruining me my younger brother is in her footstep and abuse me too i don t want any encouragement or anything positive i am just done sensitive people like me the victim always lose my mom won a she died and is now in peace my brother ha won too so i m done i lost the battle and the war narc always win,1
the past three day ive experimented with milligram klonipin everyday it made me see life from a different view ive never been able to talk to people talk on the phone make eye contact talk to a girl and im in constant edge the klonopin ha helped durastucally today i applied for three job called place asking to hire and wa able to make confident eye contact can i be on klonipin long term it help so much i really believe i have the world worst anxiety my brain is on like turbo mode all day without it,1
every single day i just wake up miserable and an insane urgency to immediately end myself everything is just empty now nothing really get me excited and i don t even have anyone to talk to cuz most of my friend are just not that close my family is much worse a nobody ever care about each other i have a father but i don t have any father figure cuz he wa and is never there for me ever i can t even share anything to anyone cuz everyone just tell me that it s normal for people my age to experience the thing i am going through i just absolutely hate my life and everything i literally have no will to live i even sometimes subtly and unintentionally put myself at dangerous situation to like somehow get myself killed even though everyone just say it s normal to experience these at my age i don t see anyone my age talk or even behave the way i do i also hate the fact that i am self aware of every way i am behaving but still can t seem to help myself fix those thing i really really really hope everyone is living better life than me,1
so much for my roast tonight still frozen solid,0
i m struggling to type this morning maybe i m still suffering from day glo overload from friday s 0 s fest,0
ophelia haha sorreh i try spek normalz now k,0
hmm shoulder is making some bad noise if i move my arm back and forth i know don t do it fear a return to physio may be required,0
a day negotiating wth insurer after spilling beer on my laptop last night probably to no avail,0
for the past year and a half i ve had constant tiredness fatigue and just haven t felt like myself i used to be pretty active always working on project excited about life for the last year and a half i just feel like a shell of myself tired and meh i m also hungry constantly i ve seen my doctor and a few different specialist and had plenty of blood work done including thyroid and everything ha been normal no sleep apnea no anemia no lyme my doc said we have essentially ruled out most if not all straight up medical cause of fatigue beyond the possibility i m just not getting good sleep due to underlying stress or anxiety hard for me to tell how well i m sleeping not waking up refreshed but i m in bed for hr a night i ve begun to wonder if i m simply depressed since everything else ha kind of been ruled out i don t feel very sad and i don t feel hopeless i don t lack the motivation to do all the thing i love i just feel too tired or lazy to do them but i really want to be my old self again if i could snap my finger and have my energy back i d do it in a heartbeat how do i know if i m depressed,1
been having some off and on anxiety tonite and this old school hippie gave me a roach kinda used joint in the weed community and i m like cool i take a hit and it tasted like as extinguished it and put it away breathing now i looked inside the joint paper and it wa like brown and i worried if the joint wa old moldy also smoked some okay weed i think i m okay i hope just anxious and like wtf,1
guten morgen up and off to get ready to go to phantasialand cologne yay but booooo last park of holiday,0
ok so last week on wednesday i had to go to hospital because i got appendicitis then the next day i wa bleeding internally so basically had surgery x i am currently still in hospital and it been about a week exactly today however i started getting very severe anxiety and have reached out to my nurse and everything to take med but they domt seem work i even tried mindfulness youtube breathing yet nothing seems to be working for me my thought pattern is like your not gon na get outta the hospital alive your gon na die shit like that with my thought racing and it been going like this all day and i can t seem to stop it just my thought taking control of me and i feel like shit because of this anxiety like i never had this bad anxiety before also im still stuck in this hospital until im released maybe this week can someone please let me know how to deal with this i feel like i cant take it anymore and it getting to me,1
too long to explain but im having an episode rn and it feel horrible day in so far it doesnt ever feel like itll go away i guess i just need some reassurance that this fewling wont stay till i die i just need to know that this feeling will go away soon and i can go back to being happy like i wa before,1
hot compress not rily workng for pulled muscle gng to bed good night,0
no squirrel today they must be hiding,0
weird feeling hi all i m on my th day is buspirone and i m doing really well though when i go to bed it s tough to sleep with this medicine when i fall asleep i m okay but trying too it make me feel like i jolt internally or like when you go over a hill or a rollercoaster and your belly drop and it doe it a lot until i fall asleep i don t know how else to explain it and my doctor this morning didn t seem to concerned i hope it stop soon wondering if anyone can relate,1
bavugar joker lp is a tribute to the strongest person in the world my wife depression will not faze u this is for all those who are fighting for mental health awareness and mental illness you are not alone let s fight this together http t co unb fhkzpz,1
my car arrived maybe i ll get it on thursday damn paperwork,0
hi i m m i m pretty sure i have depression im sad literally all the time and i just wanted to explain a lot to get some feedback sorry if it s too much so im around 0 0lbs and ft so im fat no girl ever liked or like me i don t like myself i don t look good in clothes nothing i have a loving family but i feel so alone i constantly think about what it would be like to be a normal weight and have people actually like me i stay awake until am and wake up too tired to stay awake in school or on weekend i wake up at like or i ve been going to the gym day a week with my friend lost lb hopefully this help me shed the weight but even though i count calorie i constantly eat unhealthy or fast food i feel like i m a failure to my friend and family i had this girl who i talked to for many year her and i were very close and she finally pushed me away i constantly wonder if maybe i would still be close with her if i wa a normal weight i have no motivation and i can t cry anymore i try but it just doesn t come out i have nobody to tell all this a when i try they say it s too depressing and they don t want to talk about it anymore even though all this is going on i don t have any intention or even the slightest thought of suicide or self harm i just want to be normal and loved,1
got woken up this mornng at am damn lorry van and car accident just outside on our main road also causing car alarm to go off,0
hello all lately i have been fighting with my anxiety after having fought in a relationship i m still holding pain in my chest and i always wake up with anxiety also i always cry during the day and before going to sleep i m living with my boyfriend and i don t want him to be sad like me amp x 00b could you guy give me some advice to help me heal myself,1
i miss those day where we used to play till we saw the sun go down now life s just stress stress stress with a huge dollop of depression,1
so in the next chapter of wanting to kill myself the psychiatrist changed my medication and a a result i am currently prescribed these two new bad boy ha anyone had any luck with them,1
train rammed fellow commuter vile special derision reserved for the man who appeared out of nowhere to claim his seat luggage rack,0
redtoffee strawberry is the absolute best angel delight eva i had chocolate once but it wa too sweet,0
coffee is turning into starbucks feral child wise,0
sad that the foot of my macbook just fell off,0
idk how or when maybe overdose on some pill but i don t wan na suffer or maybe hang myself but again i don t wan na suffer,1
i ve been suffering from bout of depression since my dad died last year i wa already in the second semester of my master s when it happened i finished that semester with the exception of my research method course and then i took a leave of absence then in september 0 i went back to school to work on my placement at a political office until november from january to march i worked there part time until my contract finished and told them that i would be focusing on my thesis until my school is finished my thesis didn t go a planned and i can t help but feel like i ve let my supervisor down she is super sweet and although she is very busy she ha been very supportive and know what happened to my dad my thesis ended up not having enough interview not enough literature and i d have to finish it by next week and find a second reader in order to graduate on time this wa also my fault because i feel like i haven t been taken my mental health seriously enough a i have had so many day where i did not want to do anything i ve procrastinated so much a a result of fear depression grief and burnout etc i just have not mentioned this to my supervisor because i don t want to be making excuse it would take a miracle for me to finish this all on time and i really want to because it s so expensive to pay for another semester i m feeling so depressed over this,1
it must be annoying to be my friend employer fellow employee or anyone else who need to contact me i am scared to death of receiving bad news from people bring angry at me plan not working out or more responsibility being added to my plate that i just out right avoid any news all together im really scared that the government is going to come after me for incorrect tax breaking law which i have unbeknownst broken ect so i just avoid any and all thing that they could contact me through i dont even like doorbell this ha damaged my gpa because i don t even look at my school website so i miss homework and even test i guess i m just paranoid feel like the end is always drawing near and i d rather not see it hit me but it hit me regardless and it s impact is worse because i dint see it coming but because it hit me it reaffirms that bad news is coming and the cycle continues,1
i have no will power to do anything i hate doing assignment and study all they do is blame me for not doing anything cuz everyone are doing the same thing and they say that i m not the only one who ha problem i don t know why i m really afraid to call it quits even my mom told me to kill my self i m not sure what i m waiting for,1
speak to a therapist online via skype for anxiety and depression online mindfulness therapy via skype psychotherapy without drug the best option is to treat the underlying cause contact me to learn more see http t co a uafykh u,1
hadtobeyou i m at 900 word it s all can do i ll finish tomorrow maybe,0
tldr fck this i m out i can t fcking do this i m tired of myself why do i feel like this i would ask for help but it s not worth it at this point i give up i should be at the happiest point in my life i have more friend than ever before that love me i ve been out of a really toxic abusive friendship for month now i don t know i m tired i m done all my grade are good but rapidly slipping i worry everyone i m around my entire family think i m suicidal and they re fcking right although they just think it because of my shitty humour they keep telling me to drop they only hear the half of it my friend are the one who are extremely worried even though i think it might be bc of my joke too i m not sure if this is a rant or a cry for help because i have a beam in my room thats perfect for a noose and a letter and i ve spent since december finding a date that won t f up anyone s bday or special event early april it wa gon na be early this month but my friend ha invited me to a convention and tbh that s the only reason i m here i didn t want to mess it up for them because they seemed really exited and i really love them and although i ve come to term with leaving them i know it ll take them a while i m not sure why i m writing this help advice idk i just feel like i m at the point of no return,1
i ve had this thought for several year now and i can t break out of my thought i hope you guy would understand me venting here i have no friend well i have friend who always seem to be busy around me but not around others pandemic didn t help with my loneliness i am extremely lonely i might be going crazy the thought struck me when i realized that if i were to kill myself in my home literally no one would notice me being gone what s the point of living on i am only passive suicidal but i am worried my thought would one day consume my entire body and drive me to kill myself in fact i wa very close to actually committing suicide a few day ago i tried calling the hotline and wa not helpful i can not afford to go to get proper help i m sorry i hope you guy weren t bothered too much reading this somebody please help me please,1
pornstartweet i wan na go but i am only 0,0
localtweeps wow ton of reply from you may have to unfollow so i can see my friend tweet you re scrolling the feed a lot,0
my son vinca is sick so i stay at home just three tense day at work and i am back on holiday with kid,0
hellivina ihopness g knight lovely lady i m sleepy now,0
mhbigcatch oz golem but finally got a wight oz,0
i hate life hate living every day i wake with no energy and no will no to move further in life it ha beatin me down again and again all i do is work i have friend but never stop feeling lonely the one thing that keep me tethered to this reality is my cat who is currently screaming outside my door i don t care though i haven t cared about much in a long time i think i ve had enough of this world maybe someone reading this will be able to be stronger than me but i think i ve had enough i just don t know what to do and there only seems to be one compact sized way out i m lost,1
important sign you may need help for depression now via pensignal mentalhealth depression selfhelp medical psychology http t co y zdkxgqk,1
mileycyrus http twitpic com xszg napping at this point you may need a few of those gma is gon na come early,0
dachesterfrench i emailed you yesterday and u never responded,0
like the title say i have no idea who i really am i question myself and wonder if i am a good or bad person lately everything in my life ha sucked and i just want it to be over w this is not a confession btw i m ok i won t harm myself i just mean the disorder to go away i need to go back to therapy and get on medication maybe,1
milkymoomoo yuk end of year account i need to make a start of mine too,0
baby a bit sick poor honey having a relaxing day otherwise in israel enjoying all the fam,0
having a major head ache this suck men arrrrrrrg,0
wtf they still dont have britney for the record up yet,0
i would like to send hug out to anyone who is fighting depression i feel you and i am too please have trust and faith in the divine you are loved we all need to know this i wish for healing for everyone bb,1
this past year ha been my get out of hand year i normally handle my depression well i know what trigger low point i know how to get myself out of my funk i know how to manage it but this year oh this year ha beat the ever loving shit out of my mental health i had a baby and got ppd really bad i have ptsd from being in a horrible accident with my best friend and having him literally die while i wa trying my hardest to stop the bleeding and the anniversary of his death is coming up on the st the only person i ever would talk about it with wa our friend sarah who wa dating his brother and she really took me in and helped me the week following his death i had started drinking heavily and just being wreck le and not caring if anything happened to me she wa the biggest ball of sunshine and positive person i had ever met and she killed herself last month i didn t even know she wa depressed so my mind is a wreck right now she wa my positive person my rock and she couldn t handle her sadness and took her own life and i feel even more horrible because how selfish wa it of me to not see that she wasn t okay i have cried every day for two week i am angry and hostile and don t want to be around anyone i don t even want to me around my own kid my mom temporarily moved in for the next couple of week because of how bad i wa getting my neighbor are even texting me asking if i m okay and i have hit the point where i don t even try faking it i just say no no i m not okay,1
morning everyone stuck in registration for a while then assembley nayyy,0
just booked to speak to my doctor about starting anti depressant i suffer from panic disorder agoraphobia developed from this depression and gad on a couple different thing at the moment but never had an ssri haven t been prescribed yet but zero doubt i will be i just wanted to see what people have experienced with these did they work for you did you face any unpleasant encounter with them any and all experience you are willing to share i would be grateful for i m just nervous about starting them my mind is quite foggy at the moment and it hard to get rid of my worry about them,1
ashley tisdale i love you but why did you dye your hair,0
for reference i am f graduating college in may i grew up in a really shitty town and i worked really hard in school to guarantee i could get into my dream college and move to a city where i thought i would find more likeminded people college sincerely sucked i had terrible friend now don t really have friend don t really like my major scared that i only have qualification for a job i won t like and not to mention half of college wa online because of covid i am so terrified of applying for job and figuring out what i want to do with my life this wa literally my biggest fear going into school wa that i would waste year on a degree i don t love and don t know what i want to do i feel like applying to job is also accepting that i am no longer a student which ha been a huge part of my identity for what year i also think having college be a huge disappointment make me really nervous for everything else like the narrative that high school and college are supposed to be the best year of your life is pushed so much and both really weren t great i ve also heard it really hard to make friend outside of school which scare me a lot i feel like i have a few friend that i talk to occasionally but i don t think of them a my best friend or that i am overly close with them i think i am a nice and interesting person who care about others a lot and i don t understand why i have had such a long history of really horrible friend who never really cared about me literally had my best friend in high school pick the guy who sexually assaulted me over me i just am so scared that life won t get better it seems so easy for other people and i don t understand why figuring out life ha been so difficult for me,1
is gon na start revising for exam in may,0
assuming you werent feeling better when you were taking them,1
when will i finally get over this cold,0
http twitpic com y wr according to my bro our new puppy had a poo fight and wa covered in poop picture stolen from him,0
i ve been on med for a few year now which have worked for the most part up until last year i contracted an illness which gave me stomach problem and the issue ha kind of persisted ever since my health ha never been great eating disorder and weight issue mainly a well a really unsightly skin but this stomach issue ha taken what life i had away and now a much a i m not screaming and cry about wanting to die it almost feel like a logical step at this point i want to live i want to have a life and live it freely to the fullest but i m trapped now in this body and have to cancel most plan i do make if i couldn t work from home i d probably be jobless and the work that is site based i let people down on a lot which i hate i feel like a failed experiment of a human that should just be put in the bin i feel guilty because of the somewhat privilege i do have but that s still not been enough i ve failed myself and now my body is failing me there s also a history of cancer and tumour in my family which make me scared that i ll lose the ability to use my limb just like my mom and i don t have anyone in my life to take care of me like she doe what s the point in just sitting around and waiting for that time to come every week is a fight to get back on track but it s always step forward and or back i m scared to die but i don t feel like i have a choice i m just putting off the inevitable i don t even know the best way to do it i m even too much of a coward there s always been this one little bit of hope holding me back but that light of hope is getting dimmer by the day,1
theresawhite this is true lol but it s still a slap in the face after such a warm end of march,0
i don t know what i m supposed to do anymore i can t even remember what it s like to be normal it s felt like i ve been in hell i need it to end now,1
i wish i succeeded those few year ago i wa so close but pussied out and hurt my neck pretty badly i wish i just kept up there for a few more minute then i wouldn t have had to deal with the absolute failure of a person that i am i want to end it i m useless and a horrible piece of shit i ve done some pretty bad shit and no matter how hard i try to fix thing to try and get my life together it just doesn t work i m now physically sick all the time in pain homeless and stuck in a fucking town i wish would burn to the ground i get bullied and mocked by the entire shitty as street i m in for being under a homeless organization for whole year i ve been begging for a house begging and begging asking for this asking for that can i please try and get this house no u can t can i please try and get this house no it all taken i ll never leave this hellhole i ll never get better nothing will ever get better so what s the actual point i m even too lazy to fucking kill myself even though i have the perfect plan grab my rope grab all my pill and favourite alcohol walk to the wood with my favorite stuffie and end it all by the place i felt peace for the first time i ll watch the water of the lake and then i ll finally be at peace and no more pain no more sorrow no more bullshit just nothing but no i m too tired to walk it i m too tired to write a letter i m too fucking tired to do it the reason why i haven t done it i need to take care of my boyfriend i don t care for anyone else because all of them are lying fuck but him i need to stay strong so he get a home so he can live happily but i don t know maybe my death can boost his chance of getting a better life it may hurt now but maybe my death will grab attention to him and then he ll get all the help he need might a well just got ta pick a date,1
yes yes still trying to find a picture that will upload correclty,0
just need someone to talk to whether you re listening to me or i m listening to you too,1
in the last 0 day i lost the love of my life my home my cat my job and my will to live today i got covid so now i cant even look for a new job so i ll lose the new apartment got no friend some family but they dont care i m out of reason to continue help,1
masterballerina haha but then u d have go to cambeltown omg i can t even draw well in inkart,0
i don t know if it s depression or loneliness or what but i just feel like i m a drain on this world and society a a whole i m never gon na be someone that impact anyone s life no one is going to wake up one day and be like dang i miss blank what a great guy he wa outside of my family i ll be forgotten in a matter of day if not hour i m convinced that i ve left no impact on this world and won t leave an impact of i m here for 0 or 0 more year i simply don t see a point in staying alive if all i m doing is draining resource without contributing thank you for reading if you did i needed to get this feeling out before i actually do or attempt to do it even if i want to i probably won t have the courage,1
greggrunberg hey you said matt wa gon na go all ballistic i wa disappointed good ep tho mostly,0
i m probably most content when i m by myself don t need anyone to talk to or try to impress but the moment i have to fauxalize fake socialize a i call it and then i get completely irritated and annoyed by any and everyone if they re too happy if they re too talkative if they stand too close etc my irritation level go from 0 to 00 and i just want to completely remove myself from the situation before i blow a fuse,1
everyone say it get better i have wanted to kill myself since i m now and i wish i had done it then i wish i wa brave back then because thing are only worse now,1
i have to go to the library and get some book on the bloody wa i really can t be bothered with these a level anymore,0
maddyva thanks a lot learned a lot of new word but didn t find what i wa looking for,0
even though i m sure they re slowly inching away whether or not it s my fault i just want a partner a best friend something to make me feel like a first choice instead of a second or third option i m just tired,1
theekween heart break trauma anxiety depression pain of losing a loved one thelmasherbs thelmasherbs thelmasherbs,1
i think jonathanrknight lost the net sure hope not,0
so many thing from my childhood i haven t gotten over because i never addressed them and i ve just been so emotional i don t really have anyone to talk to or turn to and time like these i wish i could just have a hug and know that i am loved by someone my anxiety is getting unbearable and the ocd is getting worse i am an adult now but my mind still doesn t feel developed i think i had a lot of comprehension issue when i wa a child and they never got resolved so now i m an adult and i can t understand simple thing because i overthink or i can t focus on what s being said it s caused me a lot of frustration i just started a a cashier today and my anxiety wa through the roof i don t get thing fast like everyone else it s like some part of my brain are active and the other part are just dead or foggy that s how i ve felt my whole life and looking back at how i handled school work it wa so obvious i probably had adhd or something but in my family it wa looked at a bad to be anything besides normal so i could play my disability off well and just pretend but because of that it s catching up to me in my adult life i really just want to vent to someone because i honestly have no one to talk to i don t even know if this is the right thread but i just have no one,1
i know it s getting to a low point again i don t want to leave my bed my grade are low my mom is worried and if she doesn t bring me food to my room i would eat i can t shower i can t help myself from sleeping i told my boyfriend and i feel like he is not here for me not with this depression stuff i don t want to do all i do is cry and sleep i m so tired and i don t even move to go to the bathroom i hate being in this loop i just hate everything and i don t want to talk to anyone but i know i need help i thought i wa doing better but i m at my lowest again,1
i fucking hate myself i deserve to die i should get run over by a train i deserve to fucking bleed until i die i need to die my mental health depends on my grade but my grade depend on my mental health i cant fucking take this im so tierd of all this i just wan na be normal i just want my family to understand that it hard it fucking hard but they dont understand i need to die i cant take this anymore im so exausted i cant take this i cant fucking take this why cant i be fucking normal,1
mental health scientist find out more about the new wellcomementalhealth award a major new funding opportunity investigating the causal mechanism underpinning effective intervention for anxiety depression and or psychosis webinar pm mar http t co moqw 9zd t,1
i so hate homework my head hurt so bad,0
i m just so disgusted by myself i don t want to do this anymore i hate myself so much and i can t stop thinking about blowing my brain out or taking all my medication when i get home from work in one year i ve ruined my life and future i fucking hate myself so much i feel like i m going to burst into flame i don t know how to live with this and after a year i ve realized i can t,1
isnt there any way we could update twitter through our cellphone,0
http twitpic com y cf filled with curry the true indian in me is coming out,0
so much for th paper i just woke up from my nap,0
tried with smsjunction com but got odbc driver error,0
i am relatively new to anxiety it started a month ago with an sudden fear of dying and two severe panic attack the same night that brought me to the er since then i am constantly anxious have had a whole range of symptom chest pain numb left shoulder headache feeling cold there are so many physical symptom so i have found this page apology if already posted somewhere with a very large list of symptom that can be caused by anxiety list of symptom http www counsellinghelp co uk panic and anxiety symptom resolved by torquay paignton and exeter counsellor html i am currently trying to ignore my numb left shoulder chest pain and neck pain without much success but knowing they are symptom help i hope it can help you too,1
switchfoot http twitpic com y zl awww that s a bummer you shoulda got david carr of third day to do it d,0
already been on ssri s and they didn t do anything i don t desire companionship or want relationship just want to kill the desire entirely,1
preparing for work and leaving the balcony but i ll give it tomorrow another try niceweather berlin goodlife,0
your mama wear your sneaker you enter depression,1
i m 9 male and autistic i have never had a relationship with anyone not even a date i had a few crush but i m too shy and socially awkward to act on them when girl try to flirt or hit on me i miss the sign because my brain doesn t work properly so i accidentaly reject them just to realize what i did a few hour later and get even sadder because i blew another chance i don t understand how i m supposed to find a romantic partner but i really want one i also don t think i would make a good partner my sex drive is high every slight mention of anything sex related give me a semi i really want to lose my virginity but the idea of being that intimate with another person is terrifying to me i would have to break so many social boundary to let anyone get so close to me and i wouldn t be comfortable breaking those boundary for another person either i stopped trying to talk about this with people close to me because no one understands i just wish i didn t have to deal with all these urge i ll never be able to fulfill i hate my life,1
meeting aren t always boring but i wonder why i m always sleepy towards the close,0
pogba a re re mo tsentse depression,1
nchokkan http www mycomicshop com search tid 9 0 but all say not in stock,0
the past almost 0 month have been the hardest worst time of my life i ve always had a decent amount of anxiety and a little depression i wouldn t even call it depression just a little blue sometimes but these past 9 0 month have been so hard for me every day of my life i feel the deep almost debilitating heart beat making it hard to breathe waking up to that feeling is the worst thing i can describe just make me want to bawl when that s the first thing i experience when i wake up the constant feeling that i want to gag or puke from the anxiety having no true enjoyment out of anything no matter how hard i try i can only fake it i haven t been truly relaxed and at peace for so long i have a wife and a little daughter who i love so much i know they deserve so so much better than me the way i ve ruined their life with my depression and anxiety i know my wife get frustrated going thru this for almost a year i feel like i ve wasted the last 9 0 month of my daughter life and that absolutely kill me missing these special little moment playing more with her etc i just don t have the energy to like i should it kill me i try to talk about how i feel to my wife and my mom the only two i feel comfortable talking to my mom ha so much on her plate and my wife is going thru some family issue so i feel guilty even burdening them with my feeling and issue aka why i m posting here i honestly feel like i ve lost my mind and i m just so so so tired of feeling this way i ve dreamed about just going to sleep and never waking up and then ultimately feel guilty to even think of that with a wife and daughter i know my wife deserves better than me and she would probably move on at some point but my daughter is the only thing keeping me going i know i need to be on med but i m so scared i ll be put on the wrong one and make my mind even worse and make these intrusive thought even worse i m so scared of it i just want the suffering to end and have my life back i ve never been much of a user if reddit but this is the only place i can think of to vent how i truly feel anyone else struggling too i hope you find peace,1
thinking of pay day another week to go lol,0
gon na probably be really long im sorry since saturday i have a really horrible fucking mood i can not explain tomorrow i have to study chemistry i have a test on friday go to my therapist which make me cry so fucking hard and is probably one of the major reason why i want to end myself the thing is i cant fucking do it im too scared of death but i feel like i just cant escape i just want to be fucking normal my problem are fucking bizzare and they ruin my whole life but yeah i wan na keep them to myself and wait but then i feel like my whole life ruined but i cant km it just all so fucked up and idk what to do i also have no friend and no way of finding any so that just make it worse in the end im just so fucking confused idk what to do thanks for reading this if anyone did ig,1
the only thing that s keeping me from ending it all is because it would upset my family i seriously don t know what to do i lack ambition and that lack of ambition go too well with my lazy habit i m stuck taking care of my diabetic mother that doesn t really leave much for a social life my sibling have their own life with their partner my dad is off with his secret family or something i ve deleted my fb account year ago because i wa sick of seeing every one of my h friend being better off but i think i just isolated myself further and ended up worse for it i feel lately like i m just gon na snap i end up cry at night and i don t remember why afterwards trying out new thing is a bit limited with budget and me being ashamed of leeching off my sibling dropped out of college twice since 0 0,1
i am moving and i might not be able to bring my cat with me i haven t even had her year i am losing everything again i have to move and start over and lose the people close to me it feel like every time i try to improve my situation i get worse i know it ll get worse before it get better but this is hell i wish i could just have a safe place without having to uproot my life the only apartment i can afford doesn t allow pet i might just risk it and sneak my cat in anyways but i am scared of being caught and evicted god just everything everything is too much i have been cry for age,1
i ve never been one to feel anxious or thought of having anxiety even during difficult time however this past week i ve been struggling so much and realized i m suffering from anxiety long story short i met someone about month ago i knew in the first date just that gut feeling she s the one it wa great perfect everything i wanted but not long after she unfortunately suffered great trauma with the loss of her best friend her sister in the beginning it wa manageable and i think it it wa mainly due to her denial she lost her sister eventually the grief settled in and now the true challenge arose for her anxiety yr prior she lost her cousin and still had not gotten over it now after losing loved one she had the fear of losing me created turmoil between u jealousy trust issue it created anger in me i felt like a monster she wanted me to be understanding and working with her where i wa foolish and expected her to get rid of it that is my biggest regret thing got worse for u add the fact covid put a huge mental strain on u i also lost a family member during that time that wa dear to me and the stress of still trying to accept a different work culture a i changed from being out and about in the field 0hrs a week to stuck at a desk working from home this created a ton of anger and frustration in me this wa also part of our downfall a few month back i stepped away from our relationship her fear of losing me and constantly keeping me on her mind prevented her from working on herself i knew she would not heal and work on herself so long a i wa around i felt that wa the best decision i lied to her i told her i didn t love her anymore i wa trying to protect her my second biggest regret two week ago i reached out to her after working hard on my personal self to remove my anger do better for myself with my eating better working out but i also made plan a plan to ensure everything that went wrong would never happen again i knew she wa still my soul mate i knew she wa still the love of my life i knew she wa still my bae we had coffee chatted i told her i wanted her back in my life and had a plan and would do whatever it took to get her back she told me we would get back together but she needed time she wa in conflict and fear of losing me again fear of her anxiety being an issue for u again and her just being her old self i respected that and told her i would do anything for her i told her i d wait week later after a week of confusion emotion uncertainty her feeling changed she knew she loved me still and care deeply but that fear of what happened in the past and her uncertainty in her own well being made her change her mind and she had guilt telling me we would when she is uncertain we could ever get back together i suffer of fear of losing her i suffer of regret of everything i wish i did differently i fear she may hurt even more if we don t try and she end up having regret i know we weren t working a a team i know we needed to collaborate more but i know i gave her so many change a she kept begging me please give me one more chance i just now have to live with fear regret and wish she would just give me chance we promised to stay in touch very limited maybe call a week she still care for me and still want me in her life but she need to focus on her i will wait for her she know it even though i know i ll continue to suffer with that fear and regret but right now she is hurting right now she is in pain so right now the best thing for me to do no matter how hard it is is to be the best support person for her it s what she need and i ll do anything for her,1
love is a joke with no punch line,0
depression in construction is partly due to big company piling relentless pressure on worker and making it clear they can be easily replaced the moment they wear out bbcmorninglive totally hold the employer responsible bbcmorninglive,1
i just gave an msu fan a car rental discount he looked so sad i just couldn t turn him away,0
statravelau just got ur newsletter those fare really are unbelievable shame i already booked and paid for mine,0
brandizzzle0 yoyoyo my internet ha been rude tonight it just reconnected and i m about to go to bed,0
willie day hommmmeeworrkkk boooo hope you fella had a good night,0
when all i did wa be there for her i drove fucking mile when her anxiety wa about to make her pas out when her parent wouldn t understand even when she left and there were pregnancy scare and thought of him leaving and now the whole town know me a a fucking rapist and stalker even though we only kissed once i know this is going to sound fucked up even worse but i genuinely can t take the lie no one should get away with doing that to someone else and i really don t think im going to let her i really really really really don t want to but it s all i can think about god help me,1
dr black yes i wa invited but will be in san francisco very sorry to miss it,0
fell asleep really didn t mean too christina,0
feel anxious when i dont follow my routine exactly for example i usually do the same task at work but do know how to do other task non are hard and take a few day to learn but however whenever i deviate from what i normally do i feel anxious that something bad will happen it doesnt make sense because i have done it before and have experience but still feel scared,1
ha finland sleeping for the night not really enough time,0
dg ball yeah if you get spraying i m going to have to pay you to spray my m at some point they dont to e m s in white in europe,0
wa super lucky to get a seat on the train we pay 0 for this min journey,0
three cheer for fiber to the home now we only have to wait year for it,0
my last day i will pick a sunny day wake up and put on some of my best summer attire go get food from a good restaurant i would like a good last meal to be honest then i will go and xplore some place i have become fond of and reminisce of the few n far between happy day of my childhood and other time i might add to this later if i can find stuff i think is worth doing then for the night i have a nice bottle of whisky and some benzos i plan on consuming whilst listen to my favourite music i will try to enjoy a much time a possible between then and now i have a rope that is ready noosed and just need hooked up to a nice tree i have already sadly picked out one that is high enough but easy to climb then whilst i listen to music feeling chill and tranquil a the pill start to take effect i will sit in said tree with noose around my neck phone emergency service tell them where my body will be located then i will fall and asphyxiate myself in to the abyss i look forward to that day sorry for rambling i am terrible and language in general wish you all peace because i will find mine eventually,1
stuiy never again will i click on a link that scream quot i m a spider i m a spider quot i should have known better yucky,0
vernonhamilton you re a stranger,0
my friend recently gave me this very beautiful stained glass flower and i really like it but my brain just can t accept that it is a nice gift my brain keep thinking oh it wa actually meant for someone else she had a crush at the time she said she brought it but he turned out to be an asshole or it wa just some trashy item she brought at a cheap market or any number of these thing i know it s stupid to think these thing and i have no reason to think them i think i am just scared to put my emotion into this gift in case it turn out to be fake logically i know i should just believe her and even if it is just some rubbish from a pawn shop the fact that she s given it to me a a gift is what matter even if is the worst case scenario i wouldn t actually be that hurt and i would still like the gift i guess it s just the fear of being fooled or taken advantage of that is scaring me i don t want to really treasure this gift and then get the rug pulled from under me how do i go about actually appreciating this gift,1
alejandralei i dont think i can cause it my cousin birthday party,0
alessandrod sadness but please keep updating hug,0
i m having a horrible night and i m too nervous to call the suicide crisis hotline i just need someone to talk to really bad please,1
i m so numb i m now living just because i m alive but i m really dead inside each day is a loop of sleeping and drinking i barely eat i don t do anything at all,1
i seriously don t get how people just live their every day life without completely falling apart and i don t get how people are just happy with their life i m in college right now and i m failing class have no friend and zero motivation to do anything about it i really just don t see the point in putting myself through hell for a degree so i can get a job i don t want and coming home from that job to absolutely no one i really don t think anyone could ever love me so if i ll hate my job have no friend and no romantic partner what s the point there s nothing in my life worth working towards and i m ready to give up on everything i just can t do this anymore and i don t know what s left to do other than kill myself,1
everyone s depression stem from the world how can you create your own world to make that depression go away no crazy event in my life make me depressed but the world a a whole doe being like me you see everything i see all the behind the scene shit that go on and it s unfortunate i see everyone for who they truly are my brain is wired to out think everyone because i m a male and use logic i use my logic so much that you come to a point where you see life is actually dogshit thing are such a waste life is rigged and people are actor it s like everything is ruined for me and i can never be happy because my brain see the reality of thing most people live in delusion or a fairy tale like life mean something i see no meaning feel like shit then keep having a snowball affect from being depressed then a the future keep coming i get more behind in this game called life it s like everyone is on their foot running to something meaningless while i sit back and watch the rat so much engine in the world i have a human instinct in me that i wish i never had i distant myself from these human because i hate them all but then the human side kick in and i m lonely because everyone ha feeling i want to create my own reality to make it a fun one living but it s impossible to create my own reality when i have such logical thinking and have to face reality everyday it s so tough because i think a girlfriend would really help me finding meaning and feeling love but i ve never been outgoing in my life because i m just so sad about this reality i have ton of drive and motivation i just need help but can t get nothing because people tend to only help and treat you well when you re in a good spot in life but people who need just some little help don t get it because they appear to be sad and depressed like myself and people shy away from that no real people in this world to help me people find me scary cause i m and have the look of i hate life so no one want to come around me just me please all i need is to feel some fucking love that s it i never had a girlfriend in my life me rn though i m good looking tall and fit i think girl are scared because i see through all the bullshit they only come around when you re winning they never come around and take a chance on you to help create and build a winning man but instead girl wait at the finish line,1
i hate this shit that is called life and myself a well i seriously just wan na be normal and mentally stable i turn in month i suffer from bipolar adhd and severe social anxiety lol and i live in a country that do not give two fuck about mental health not even my family know about this they just think am weird i always find it extremely hard to be social or have a solid jobe interview without sweating or going completely red lol i also have some leftover acne scar so that made it alot worst have one friend that i feel a connection with and i love that i mean hopefully thing will get better am in my last year of college or i will get the courage to and my miserable life,1
this ha ruined my life the only thing keeping me from killing myself is my baby boy his mother manipulates me she s emotionally abusive and i don t know how to stand up to her i can t i m so afraid she ll take him away from me i can t keep doing this and i can t kill myself but i think i will i think he ll be better off without me i m a mess my finance are a mess my emotion i can barely take care of my own thing i m in so much turmoil i constantly fantasize about offing myself and every few day i sit there with a gun to my head and i just can t do it i think of my boy and then the pain is worse fyi we were engaged and shit fell apart for good last year october we still live together because we have a lease on a house and housing right now is a bitch nothing available so i m trapped here,1
just washed the huge pile of post binge depression dish from my bedside table who s proud of me,1
opening a partially frozen beer beer on the toaster under the oven and all over the counter the kitchen smell like we run a speakeasy,0
for context my so and i are living with our in law temporarily a famously difficult living arrangement and the main issue ha been their constant and relentless remark they love passive aggressively hinting at thing they dislike and throwing little dig here and there to get a rise out of u i m well aware that they are very much projecting their own insecurity unhappiness onto u and i m somewhat able to find solace in that yet it still get tiring after awhile i m extremely sensitive and hyper aware of myself and others and even little throw away comment can feel like a punch in the gut sometimes we plan to move out soon but for the time being how can i distance myself emotionally and take thing at face value,1
http twitpic com y vn remember these day neither do i siiiiike i miss my old body someday soon u shall be miiiiine,0
i m 9 i m in recovery for marijuana addiction i want to quit juuling soon it s making me so depressed and anxious i feel financially insecure i m not happy at my job and oftentimes time i feel suicidal i don t want to rely on med have any of you felt this way and made drastic change and turned it all around this is absolutely the most depressed i ve ever been and i ve never thought about suicide this much before i m seeing a therapist but ultimately i want to start leading a well rounded life with healthy coping mechanism that don t involve health insurance ha anyone ever done this have you gone through a dark era where suicide wa on your mind constantly but then you turned it around need some hope some story that make me think it s possible,1
a long flight is made even longer by a seat that won t recline off the red eye and grumpy,0
shystieuk wish me luck got ta go london ging great olmand street for a appointment really scared xxxx,0
okay bb lt doe anyone know where i can get info on how night club in l a cost i wan na rent one out next year please i ll invite yall,0
so last night i wa up for hour trying to reset my sleep schedule since i had been going to sleep around am and waking up around pm i still wasn t that tired last night around 0 pm so i smoked some weed a i usually do every night i started hallucinating while making my bed seeing hand grab for me when i tucked the blanket it i tried to convince myself it wasn t real but i wa really freaking out so i went up stair and tried to just chill and find something to eat at this point my mind is racing and i can t think straight and i m wondering what is wrong with me and that s when i realized my heart wa racing like beating out of my chest i quickly pulled out my stopwatch to take my pulse because lately when i get anxious my heart rate get to about 0 my whole body is shaking and i m trying to count every beat for second but i got to second and my count wa already at 0 the stopwatch on my phone looked like it glitched and my knee went weak i thought i wa going to pas out so i freaked out and ran to my dad for him to take my pulse just in case i wa just buggin and just thought my heart rate wa crazy nope it wa resting at a i laid in my dad bed for about 0 minute shaking and cry i couldn t even get my breathing under control because i wa shaking so bad i couldn t voluntarily move needle to say i m going back on anxiety med sleeping more and never smoking weed again and i m gon na start seeing a cardiologist,1
when i wa younger my mom would get me for month out of every summer a written out in the divorce paper during this month i wa hardly allowed to shower or brush my teeth and i often got in trouble for asking repeatedly for food or saying that i wa hungry i wasn t allowed to make friend in my mom s apartment complex and i wa never allowed to go outside unless my mom wa taking me to get food or we were doing her shopkick stuff i wa forced to drink coffee even though i didn t like it at the time and she d smoke in the apartment without opening a window from time to time a you guy can probably imagine i hated it there and i would become very unhealthy my mom would keep me up all night and refuse to let me go to sleep until like am i d pray for her to leave the apartment to go to the gas station for ciggarretts so that i could at least brush my teeth and chug down some water i wasn t allowed to drink water either because my mom didn t like it and she didn t want me drinking the tap water i wa only allowed to drink soda i d wait for her to fall asleep on the couch and try to sneak off to bed and finally get some sleep sometimes she d wake up while i wa sneaking and i d play it off a i wa going to the bathroom i wa always deathly afraid of making her mad because she d emotionally berate me or go overboard with the belt i wa also always afraid of getting caught for brushing my teeth or showering or going to sleep i wa ok for the most part when i d live with my dad i wa usually irritable for the next few week while i d readjust but now i m a sophmore in college and i m finding myself becoming more and more introverted and having more anxiety with le control over my emotion i am also doing the same exact thing that i d do when i wa with my mom for that month eating no more than once a day not sleeping staying up all night watching tv not taking shower not getting up to drink water not going outside and not talking to people and it s not for lack of wanting to do these thing i ve also seemingly developed a skin picking disorder where i pick my acne pick my bottom lip until it s completely covered in blood and my lip is raw and slightly swollen and pick my cuticle to the point of cry when i put my hand under running water i ve noticed that when i m picking at my skin i m thinking about how much i want to take a shower go to sleep eat food or drink water i have no idea why i m anxious about those thing again i m living with my boyfriend who encourages me to be healthy and is the complete opposite of my mom he s perfect all i know is that i need it to stop before my skin picking and or my introversion becomes so severe i can t come back to it i can t even go to the store by myself right now and i wa very independent my freshman year of college i m sorry for this being so long but if anyone ha any idea or advice that can help me get to the bottom of whatever is triggering me to feel this way again please comment below ask any additional question if you need to i would greatly appreciate it,1
craaaaap my macbook pro is kernel panicking a lot now i think i m going to be forced into an upgrade sooner than this summer,0
feeling really cynical about it my life is a fucking mess been two week i don t sleep getting crazier and crazier everyday but don t have any room for taking care of myself because of a 0h week study contest to come and even my weekend being splitted between people i need to see right now just thinking i ll kill myself after all these contest if i don t blow up before then taking rest is a no no i have diagnosed disability that my teacher don t care about dying seem like my only escape and comforting thought,1
i usually brush it off with excuse but it s time to be honest with myself i m actively in a depression episode feeling like cry constantly and it s exhausting to do anything no interest in living just existing and my med aren t working for it so here i am depressed and feeling stuck,1
i ve finally been put on med after year of pushing through my anxiety the idea of going on med wa scary but i m hoping it ll be better in the long run the only issue i m having so far is i m so tired i m normally not this tired but i swear all weekend i ve just been sleeping i have no motivation to do anything i just want to sleep i m hoping that this will go away a my body adjusts more a part of me is scared that the drowsiness won t go away i m happy that i have this week off from work to try to get myself used to them before going back to work i don t want to be tired like this forever,1
it feel we live in such a cruel world people torment each other always wanting to make others feel worse give each other covid or hate or rage or despair i don t sleep well i ve met some people recently whom have treated me badly ghosted me pretended to be my good friend and i ve suffered a lot of emotional pain i always ask what ha been the point of all of this i ve had some terrible pain last few year what wa the point or is it all meaningless,1
hi guy pls who know how to overcome depression i m dying slowly,1
fuck antidepressant all i want is a hug i know a hug will make me feel so good right now that s it that s my cent,1
it happens to me i would like talk to someone who is not my nationality and talk english german but i m at the same time not comfortable with speaking in that language,1
m rkm you stuck in traffic then my journey wa traffic free this morning if it s any help,0
trying really hard not to get sick from all of the stuff i just took to get rid of my cough,0
okie dokie my tweoples it been a long day and i have to be in the city by 0 am boooooooooooo good night my lovely lt,0
my navel piercing tore a bit when i wa forcing my dog into the bed of my truck my fault i know it look to be healing yay,0
this is something i see so often and people claim their reason for being an asshole is depression no being a nasty person and depression are two completely different thing i recently got downvoted on this sub for telling someone it wrong to insult others for trying to help them unfortunately i have seen this in real life a well i wa diagnosed with depression nearly 0 year ago so i ve been apart of depression support group and i ve heard member of the group call other member ugly stupid and when confronted they quickly jumped back to sorry it s my depression hehe real depression is fucking painful and lead to people killing themselves it s not some sort of get out of jail free card and people that use it a such should stop downplaying depression,1
hey there everyone one of my biggest symptom ha been an extremely tight chest which seems to come over randomly for about 0 0 min sometimes longer and make everything terrible i ve been trying to find some solution that can help relieve this or maybe any tip going forward nothing seems to work so far except waiting them out which ha been exceptionally hard especially in bed i also would like to mention that i have a hormone imbalance a well i m not sure if the chest tightness is from that or the anxiety or both thanks,1
rumlover an empty rum barrel is a sad rum barrel shake head the horror the horror,0
you promised not to leave me right i hope you wouldn t break that promise,0
laptop is running out of battery,0
hi i wa wondering if anyone ha small kid with anxiety i have a seven year old that ha been coming to me the past couple day saying he feel like he can t breath and sometimes is on the verge of hyperventilation he is a very emotional child and always ha been looking back he may have always had anxiety but it s turning to physical symptom while this is happening i validate what he is feeling remind him i m there for him and we do boxed breathing his lung are clear oxygen level normal no wheezing no pain when experiencing this i have struggled with anxiety and feeling of shortness of breath too i wa wondering if anyone ha gone through this with their child and what are some resource i m calling the doctor tomorrow for an appointment a most of you know living with uncontrolled anxiety can truly feel like a nightmare and is the last thing i want for any of my child any advice would help thanks,1
i m all set for post anime depression attackontitan http t co vj jjwfrow,1
jonathanrknight i hate the limited letter too hope you and the guy are fine i pray for my dog she s not well,0
i dont want to believe what im reading buu so sad,0
watching death race found out sandra cantu is dead,0
found my sana and ha realized that just like a white girl i eat my problem,0
i feel like i ruined my life by not taking my education seriously during high school i m unemployed and have zero goal in life i m not diagnosed with anything but i suspect that i have social anxiety depression and maybe add i have a really low self esteem regarding my intelligence but i am putting the effort into improving i m watching video and taking note on youtube about topic that i know i missed during high school in a way i do feel proud of myself but i find myself constantly pausing the video to look up a word that is unknown to me word that i feel like i should already know a an adult and i feel stupid and begin self loathing because of it i don t do this with just word though i also do this with just about any topic that i m not knowledgeable in there s just so much that i m embarrassingly unaware of all ranging between the science to world history to economics to politics to mathematics to literature even to basic english grammar there s just so much that i missed and i m feeling too overwhelmed by it all i don t know where to start to make matter worse i feel like i m being timed to learn all of these thing a i said earlier i m unemployed and i m living off of my saving i suppose i could get a job but i lack any real world skill i have nothing worthy to offer to any potential employer hiring me would just be an act of charity then there s also the fact that i m too shy to even talk to people i m afraid to open my mouth because i might reveal how stupid i truly am i have no one to talk to about this stuff because i know i ll just hear response like welp you shoulda payed more attention in school yeah i know that already what do i do now live a long miserable life until i finally succumb to old age well in that case i might a well just end it now there s no real point to this post aside from me venting a little i guess for the sake of asking a question what advice would you give to someone looking to homeschool himself i did graduate from high school btw don t ask me how because i don t know either,1
when you feel depressed what s thing you do to make yourself feel better depression depressiontreatment positiveimpact positivevibesonly positivepsychology behappy behappyandsmile http t co yfiojfbwz,1
nickynocky i m looking for other utility supplier tonite now,0
is terrified she accidentally deleted a reference in her management assignment and hope she doesnt get in trouble when she get back,0
big capacious wooden kitchen island 0x 0 metric thought i wa buying it but we re not photo amp c on request if you re interested,0
hey there feel good to talk to people who just a me suffer depression i never talked about it much on the internet though one of my best buddy who is a psychiatrist my parent and some other people know about it it s not many and i feel it s better this way but at least i can talk about it here a i am anonymous on the internet i hope anyways for me it s been many year that i am in a severe depression mine ha developed through a chain of various dumb decision i made that lead me to the place i m at now thing i can t change now can t simply make forgotten since the wheel of time keep spinning it s really interesting though a a 9 year old me would have never believed to suffer severe depression year later though it started many year ago back a a 9 year old i just graduated from school successfully and had every possibility like the world wa open to me a luxury many people sadly don t have and i wa dumb enough to not see clearly ahead of me thinking about what i wanted from life or where i would love to end up now i know and thinking back my 9 year old self should have known it s not really hard to figure out and i would tell my 9 year old self to think about it and keep chasing his dream especially since there wa so much time for it the path i walked though wa a pretty dark one nothing criminal nothing that would at first glance appear a particularly dark but i managed to scare away many people that in retrospect would have been great buddy friend and even girlfriend relationship like the old saying say you are your own worst enemy it s true it really is i have experienced it myself a far a i know there are two kind of depression depression that is genetically biologically caused and depression that is the product of bad experience and decision you made let s call it a reactive depression for me a you can imagine it wa the second and i could punch myself for it a what i did in all these previous year wa almost a textbook example of what not to do bad decision the worst part is that i have this mental image of an alternate reality where i didn t decide the way i did where i wa smarter and while i know it s a mental image it doesn t feel that way the worst thing is it s a devil chain a bad experience lead to me feeling worse while some people learn to hide their depression and keep smiling and joking in front of others just so that others won t realize how you truely feel i don t have that gift a i am usually in a bad mood and are perceived a a very unfriendly person by others which again lead to social alienation which make my depression even worse it s gotten really worse the last few year interestingly after coming back from being homeless and living on the street for half a year to a point where i don t want to live anymore where i want to forget,1
profkarolsikora absolutely i m shortly been suffering with depression and medicated for year recently suicidal never been referred to mental health service until this year and been told i probably have adhd but i doubt i will find out until my 0 s unacceptable,1
going to sound vain but running out of my fav lip gloss,0
this is it i m sorry but i can t do this anymore i m tired and alone and i used up my resource to help me survive but it s over now i know my ex will be happier without me around and i know he will take care of our cat a i would it s going to suck not being alive anymore but i m done struggling to breathe i m exhausted i m bled dry i hope my friend and family can forgive me,1
i tried to help his family abandoned him so it wa really hard to change his perspective im addict too gambling addiction but i will do better i hope sorry just a rant i found about it yesterday his life situation forced him to live in a mental hospital for last year and at the beginning of march he wanted to go to the germany to work a escort march he mentioned that he leaf tomorrow march i texted are you alive yesterday by googling him i found a necrology of him he killed himself march he texted many time to me about suicide thought im so sad,1
normalguyguide i can t i have so much to learn about wwi by tomorrow at noon,0
just realized im talking to no one,0
michigan who i don t know them sigh shameful,0
stou site not update no info about exam and open course i must wait for mail notice and doc um,0
rakeman it wa in the 0 f just last week,0
missxu sorry bed time came here gmt http is gd fnge,0
frago i hate you i didn t need to see that i need to call my therapist now,0
i just don t care anymore i don t care what happens anymore just fucking kill me i m done i don t have the will to do this anymore i realize no matter what i do my life will always get worse so i should just do it and get it over with i tried i waited year for it to get better but that s not going to happen my health is shit my mental health is shit and my mind just keep processing way to get the job done i wish i would have drowned asa child because than i wouldn t know this pain and i d have le to leave behind i would have at least had some level of hope before departing but life a bitch and then you die i know the end will come before the end of this year but now i m certain the timeline ha been moved up more like month maybe it will be today maybe tomorrow i don t know yet but i won t see because i have no desire to live that long i don t care anymore this whole world s a poorly written joke anyways where some will struggle till death and others will constantly have thing work out than the asshole will tell you oh it get better well i ve waited long enough and i m done playing this game i don t care anymore i know i have undiagnosed ptsd and i know who is responsible and that they ll never be punished i can barely even get people in my own family to believe me about the cause i m so tired of this world so tired of everything i have no use for a god so i can only ask of nature no matter what label i give it the request is the same please kill me and return me to the earth leaving behind not even a memory erase every trace of my existence and make everyone forget me that is my only wish at this point,1
morning all i m back from my little break from the computer back to work again today,0
no clue where to put this so it s going here a while back i wa asked what caused you to start drinking so heavily my default respond to that ha always been it s just how i am which for the most part is correct deep down i think i always knew the real answer now i am finally realizing it s truth it s love a little more context i have been sober for over year now and to be honest recently it ha really been tested and i ve come closer than i ever have to relapsing it is worth mentioning i m not the type of person to actively seek a romantic relationship i have had a few very brief fling over the year but nothing i would consider serious and for the most part i have been okay with it but now i have actually caught real feeling for someone and i am falling hard so hard it s really scaring me it s causing me to want to hide from the feeling a i used too by drinking after year of counseling i wa given better tool to help process certain feeling that could lead to me drinking which i do believe they have helped me recently because i actually did something i didn t think i wa capable of i told her how i felt too my surprise she actually didn t tell me no but she didn t exactly say yes either which is why i am feeling the way i am now i believe now i feel like i m on a rollercoaster of high and low i see her and talk to her daily a we do work together however some day she seems so distant and shut off others it seems to me she s overly flirty we have gone out once it didn t really go a planned but it wa still nice now to the stuff that is really eating at me she had just gotten out of a relationship a while back i know it didn t end well and when i told her how i felt she said she still wa trying to get over her ex and she wa confused which is understandable and i want to give her time and space but at the same time i don t want to miss my chance especially because i have not felt this way about anyone for over 0 year to make thing worse her ex is also a coworker in our department and i have seen them leaving together after work multiple time a week which to be fair is really her business but if she really would rather be with him why don t she tell me that s what s killing me i feel like she is using me a a fallback or a second choice i really hope it s not the case i do not think i could handle it i just wish i knew for sure how she felt i can handle being rejected it the limbo i feel like i m in i can t handle and honestly i don t know what to do about it i m so scared i m going to slip one day and have a drink if that happens i know i won t recover from it and i ll loose everything i worked so hard to achieve there s more detail if anyone ha any question if anyone can tell me what i should do please feel free anything is better than how i feel now,1
all the photo i try to upload are too big,0
danielcalderonl yeaah i hate that,0
yo that wa hella weird my twitter got deleted,0
many time when i want to end the suffering i think of committing suicide or other method to alleviate the pain such a starting to smoke drink drug there are time that i think that one of these method can help me get through the bad moment i am going through but there is always something that in the end prevents me because deep down i know that none of that will help me and that i join it that i can continue fighting a i do and the day will come when i will be free,1
i never thought i would feel this way at this point i m in between two different stage of life and the stress of it is making me want to kill myself i m a senior in high school and life is so hard right now and i don t know if i m being dramatic ive been suicidal before but i don t think i am now just because i know i have a big turning point in front of me in the fall when i go to college which give me hope but i fear i m putting too much weight on this if i don t like college i am scared i will kill myself because it s all that s keeping me going i used to want to kill myself when i wa i know what it feel like but that s not what this is i just can t keep going it get s harder every day i still have two month until graduation and i am scared out of my mind it is so stressful to have so many duty every day school work college decision scholarship i have to pay 00 in car expense which is like two week paycheck thrown away it feel like i do so much just for the little ounce of freedom i get on one day of the weekend or for maybe an hour after school i can t keep going like this but i have to i feel like i m wasting such an important time in my life but i can t change it i want to end it just to avoid the pain of trekking through it because sometimes i can t even see myself waking up tomorrow and doing it all again i am so scared of disappointed everyone every time i let my mom down i just want to die so bad i feel so useless i can t control myself when i m given decision i can t make them i hate the thought that i have complete control over myself because it give the blame of who ive become extremely burnt out flaky to friend and work used to be extroverted but now im so quiet to me and me only,1
i feel hopeless like time is passing by and i m just here useless like nothing i do or say can change a goddamn thing i m tired of feeling this way but a soon a i get close to getting out of this hole something reel me right back in i don t have anyone to share these thought with so here i am i feel stupid for even posting how i feel like i should have someone to spill this to but i don t stupid pathetic worthless it s all that defines how i feel,1
i fucking hate everyone and everything i can t take another day fck everyone on this planet why tf do i have to feel so shit all the time fuck god he ain t shit he abandoned me why tf do i have to feel so shit all the time while everyone else get to enjoy their life and get everything they want i also hate people who take advantage of other people i can t wait to end it i wish no one wa around so i can do it idgaf about anything that s my rant,1
ib nji yeh i know but it wasnt on the showbags list in the paper the other day i heard that they are broadcasting from the show on thurs,0
coll aka aubrey oh you were joking well now i m crushed i wa totally gon na stand in the middle of a field and wave my arm,0
i read about someone who couldn t stop thinking about breathing and other people who were stuck manual breathing which terrifies me i have massive chronic health ptsd now i m constantly thinking about it and i don t think i breath correctly when i manual breath which make me short of breath and lightheaded and drive my anxiety higher when i get distracted i pop out of it really can only get distracted at work sometimes it get better but then when somehow i remember it just go right back to bad breathing please any tip,1
sarahsaturday i m sorry your gift card ran out that suck,0
benackerman btw my iphone is acting funny dying quickly and freezing and b i m not admitting anything just sayin,0
levenrambin take it easy and be good to you,0
argh ive eaton so so much today,0
because he s so sick of me saying it and not actually doing it hahahaha yeah no one care i hate my fcking life i have bpd avpd and c ptsd everyday is miserable i hate it here i want out can someone who is planning too please chat me i wan na talk about way to go,1
i have come to the conclusion that i am just not suited for life no matter how hard i try i don t seem to be able to accomplish anything meaningful or be able to derive joy out of anything i wa given nice parent and a privileged upbringing but the extreme depression that rule my life is overwhelming and i really can not take it anymore i have an easy life and i still can t manage to get it right i started to feel worthless ever since i wa a teenager i had a hard fitting in with group of people i felt extremely shy and i saw that my best friend at the time could effortlessly blend in and have many friend it completely baffled me and it wa the first time that i started telling myself over and over i am not pretty i have no talent i am not smart i am worthless year old me cried myself to sleep convinced that people just simply didn t like me i could never quite figure out what wa defective in me everywhere i went i felt extremely awkward and felt in high school i started to feel immense academic pressure i saw that my classmate were very high achieving i didn t even want to think about my future and i spent much of my time last minute studying and playing video game instead of planning anything for my future i ended up not getting into college that i wanted to while my friend and classmate were accepted i accepted that i wa a failure compared to everyone in my high school a socially awkward talentless ugly failure i went to university i am now doing a master with an internship i graduated with summa cum laude for my undergraduate i wa still constantly cry and contemplating the worth of my pathetic life still i wa able to appear smart in front of my classmate i took up a research internship a well where i wa again told that i wa smart and had a lot of potential and other b but aside from school i didn t have much of a life any friend i made in uni have long been lost because people don t like being around a depressed person i wa made out to be toxic so that alone should tell you enough how awful it is to be around me i went to therapy it didn t do much i took medication it doesn t do much i have now entered my master program and i am being told by my supervisor that she ha serious doubt a to whether i will pas everyone else is enjoying their time in their study while i have to struggle so hard just to be told that i m not even good enough to get a passing grade i also struggle extremely badly with body dysmorphic disorder i have a pear shaped body no matter how much i exercise my leg just stay very bulky and thick i lost a lot of weight in my last year of my undergraduate study it wa partly because i hated my body but above all it wa because i hated my life so much that i wanted to make it visible by appearing sickly thin i continued to lose weight until i wa underweight only then do my leg appear normal i continued to follow disgusting anorexic eating pattern during my study it wa so damn hard to study while having to be pre occupied with food and having to only eat calorie in order to not gain weight somehow i passed all my damn exam after this year i admitted to my parent that i had an eating disorder although at this point it wa kind of evident i went home to take a gap year for the sake of my mental health during my gap year i sought professional treatment and of course i gained a ton of weight i wa so sick of living with severe depression and anorexia it wa near traumatic to see my body change so much in a short amount of time i felt extremely defective for gaining so much weight i can t believe my parent thought it would be a good idea for me to recover at home instead of at a ed treatment center because my emotional volatility were simply insane but i became physically healthy and i wa eating lot of good food i even got a part time job during my gap year to convince myself that i wa at least semi functional unfortunately a is the case with my pear shaped body living at a normal weight entail lot and lot of misery i can never wear skinny jean because my leg are ugly i can t stand the cellulite and belly fat that accompanies my healthy body i wa handed bad genetics in term of body build my body alone take away my will to live after my gap year i continued onto my master i started to lose some weight just because i slept through some snack and meal from fatigue and then i knew that i could never gain that weight back i started to take up lot of exercising to create more room for extra food the vast majority of my classmate are thin people being bigger than everyone is extremely triggering for me everyday i wake up and think about what i m going to eat then i think about how big my leg are then i think about how much thinner and smarter and classmate are then i see all the thin people around me then i think about what i m going to eat next then i think about how i m going to fit a jog or a boxing class into my busy schedule then maybe i will think about school and such then i go to sleep and repeat it all again i even lost my damn period again it s maddening because i am not even a thin person and yet my body think that being slightly thinner mean that i m necessarily dying i have such a dumb body now here i am doing an internship for school and i am failing very badly it s not in my native language and i haven t known the language for very long so it cost me twice the cognitive energy to follow everything apparently taking exam go smoothly but the minute i have to be in a practical setting i turn into a complete idiot i don t have the extra energy to put in the effort because most of my dumb thought are just my leg are fat her leg are thin she is lucky i have to worry about weight lunch is when jogging when extra squat when what s for dinner etc now i m constantly being told that i m not performing well and they can t tell if it s because of a language barrier or if i genuinely don t understand what is going on everyone else is doing just fine and they say that you have to be pretty stupid to fail at this internship well guess who s going to be that idiot who can t pas looking back at my life i just see failure and mediocracy and just a lot of sadness a i said earlier my body alone take away my will to live but in order to be able to function in school and work you need to stay relatively healthy but seeing a my life is just filled with social isolation inferiority complex and still lot of depression there is just simply no way that my life is worth it living in this healthy body make me extremely sad and the life that i would otherwise have without an ed is just not worth it it doesn t justify the effort i put into recovery and the effort i put in with learning to accept my body seeing a my life is just consisting of studying feeling stupid feeling incompetent cry exercising restrictive eating hunger fatigue and more cry i just wonder how the hell everyone else is just out here living a normal life without any mental illness people like my classmate are really out here acing their exam acing their internship having a life having lot of friend having a relationship having fun and leading overall fulfilling life i don t understand it all i know is that my life wa just one big mistake i just really need a good plan on how to end myself i find it disappointing how finding a simple method with a high success rate just isn t very easy i have four more week in my internship i just plan to go through it get an insufficient grade and then end it all but ugh mom and dad would be so sad it s already bad enough that i tell them that i hate living and wish that i could disappear they try so hard to convince me that i m smart and can accomplish anything i want like i m in a disney movie they constantly try to convince me that i will find happiness in my life and that i m just in a low state of my life and that they will always be there and try to find further help for me but i m i ve been feeling this way for over a decade damn near half my dumb existence i feel like my soul died the minute i hit puberty i didn t experience anything traumatic i wa just dealt a bad hand in genetics i m freaking exhausted nothing would be better than closing my eye and never waking up again,1
sparkly devil hug i m trying really hard to concentrate on the nice dream instead i m sorry you had a bad one too hon,0
love to get drunk just not by himself,0
innocentdrinks coke 0 minority stake really not april fool can you give it back so depressing you were a favourite brand sad,0
i feel like people would be better off if i wasn t here anymore i m considering jumping off a bridge i feel so trapped in my own emotion after losing a good chunk of my friend purely because i ended a relationship that i wasn t happy in i feel like a horrible person and the idea of jumping off a bridge doesn t upset me anymore i feel happier that if i d want to end it i could and leave my family with more money time i m conflicted i want to die but what would become of my family my sister my remaining friend what about nicole would she be able to handle another friend ending their life how about snowey he is like a little brother too me what about my sister could i leave her during a crucial time in her life i don t know life is so painful right now,1
my anxiety affect my life but it s not debilitating for me like it is for others i get panic attack very rarely my brain is never quiet though it s always going and cycling around thought even when i m trying to let them go i see my dog and feel happy then my brain immediately say what if he died though and it show me what that would look like stupid thing like that i also have ibs that worsens with stress i guess i wa just wondering if anyone out there ha tried any med even though they can deal with their symptom and if it helped i m a bit worried about side effect but if i could just live without having to ob over thing and feel defensive all the time that would be pretty amazing i will ask my doctor of course but wanted to hear from others in my situation,1
nikkiwoods exactamundo for some reason i think foxx is knocked out so idk what s gon na happen sorry,0
my mom might have breast cancer won t find out anything for like a week i m so worried,0
guess i should go to bed have to be up in hour haven t been able to sleep lately too stressed about website not being done yet,0
it all started a couple year ago when i wa about to start a new job i wa lucky and bet that the stock market would go down with the few thousand dollar i made from my internship of course this wa when covid wa just hitting so i became hugely profitable from only a couple thousand dollar to m in value in only a month thinking back on it i wa crazy reckless i made my first million and then le than a week later i made my second million i wa feeling incredible thought i could retire and never have to work again but like all gambler i kept putting my money in trying to make more and more of course with the risk i wa taking eventually it would all come crashing down fast forward today i m now k in debt plus another 0k in student loan on the surface my friend think i m hugely successful because i flexed i made m to them didn t spend a dime though just kept trying to make more and more i also make 00k a year 00k salary with the rest a a one time bonus but only have in my bank account currently i no longer play in the stock market but have recently been doing sport gambling of course i keep losing money on that there are time that i go on a nice streak but it s like every time i lose i keep trying to make back my loss which make me do even dumber play i m not sure what i m expecting by writing this but i feel so embarrassed to tell the people i m close with my girlfriend of multiple year know that i no longer have a lot of money but don t know i m in debt my parent are super supportive but i m too embarrassed to tell them how bad my situation is i guess that s why i m writing to a bunch of stranger online i know my pursuit of trying to make back my money is wrong but i can t stop trying to get out of debt i feel so dumb it s like i see a rock in front of me but i keep on tripping over it it feel like i m slowly unraveling and feeling incredibly hopeless i can t sleep thinking about how my life ha gone downhill in such a short period of time my younger self would be straight up embarrassed if he could see me now i don t have suicidal thought yet but no longer feel the same motivation in life that i used to if only i never made that money in the first place,1
i keep thinking that i m only putting all this effort in for someone else because i love her and i don t want to hurt her and i enjoy being with her and how she make me feel but i also want to get better so i can be in a better place to be more supportive for her and my peer i m trying to live for myself and not others but i m not sure where i am with that,1
i had really bad anxiety about a year ago it made it difficult to swallow and to eat and just made everyday a chore recently i ve started to become more zoned out a if i m living in a dream there is no reason for me to be anxious but ala here i am i can not control my mind and i ve been on mg of zoloft for about month now and now that the symptom are starting to return it s making me even more anxious and i fear the anxiety may come back,1
i got broken up with overnight a year relationship because she thought for a week that she s falling out of love i am absolutely devastated i can t carry on with my life and truly am considering ending it all i think i am gon na do it because she wa the only one for me what is the best way not to hurt your family thanks,1
i m a volunteer coach at the h i went to the pst year here i ve seen a lot of thing i didn t like like how the head coach ran it and it felt very low effort and try to avoid problem and a large lack of discipline i tried for year and nothing ha changed and this off season ha been low number since march and my position group fell apart to some transfer and kid not taking the leadership of those transfer i tried but it ha stressed me out and i ve been fixated the last few month on leaving just because of how poorly ran it wa i feel guilty and anxious to spring it on the coach and team but i can t keep hurting myself especially if i have more interest and care than the player and some coach everyone that know the program ha been telling me to get out it s not a bad decision in my eye to leave i just feel crappy about doing it and super anxious after i wa done any advice on coping in these scenario i take a ssri but these scenario it doesn t matter for me i ll get worked up no matter what i really hate the guilt part because i know it s the best choice for myself in both coaching career and just mental health in general,1
yay hannah montana on disney channel fun not,0
last time i attempted i failed for like the th time and i m not going to mess up another one this time is going to be my last so i hope y all will stop worrying about me because i don t deserve it and i m not worth worrying about it s going to happen today or tomorrow most likely tomorrow though bye,1
had a groupwork assignment from my university and my best co worker are my anxiety and depression,1
not even 0am and there s far too much noise in the office should have worked from home today,0
just came back from college assignment really pile up like shit so dead tired,0
jayjude imthiyas pv kennylanta ng abdulbasit goal overcame depression then why did you choose to have depression in the first place since it wa a choice,1
lovebscott nope i m right along wit you,0
my father committed suicide day before my th birthday i still remember this day i don t really have any memory of him so i m not really sad but for a long time i wa kinda angry at him for letting u alone with a mother like that but i realized some time ago that himself didn t want to be with her anymore and he also had a difficult life i think i m pretty sure he also had depression i feel stupid for being angry at him for so long over something like that i m happy for him now he doesn t have to suffer anymore he s free from his sadness just needed to let these thought out,1
age gender m i ve been dealing with my depression for a while now and some people including my parent know although my biggest regret is telling my girlfriend when i told her that i have been trying to take my life everything changed i understand it s just her caring and not knowing how to deal with it but it s been such a burden on the relationship i m not longer human to her i m mainly a ticking time bomb i m starting to feel like i ve locked her in this relationship because of this disease i have we can t go a hang out without her cry about the fact that my life is hanging on by a thread and i know this is extremely selfish of me how could i not be appreciative for this caring girl to be honest i couldn t care le just every time i see her break because of me it make me hate myself more i wish i just kept that side of me hidden away from her to protect her from it the worst part is she can t help me even though she try so hard and she know it every day feel like a toss of a dice whether i will live or die and she is watching it all helpless i love her so much she keep me going but god i wish i had a time machine to go back and make sure i never told her just then she could be happy until the end i m sorry vesna,1
adamcurry can i get download version of the dvorak interlude since streaming is banned at work,0
deemaah but i thought i did not my fault that you dont pay attention to my genitals,0
vinpocetine for depression symptom amp mood disorder relief http t co zapfkyxdg9 http t co hqhozyg u,1
i wake up and expect to deal w the same shit i had to yesterday life is gettin boring to say the least,1
omg quot the reader quot is making me,0
why can t i breathe yes an over exaggeration in term but still i hate being ill,0
fever ha started anyone have any miracle cure for a cold,0
hello guy my name is t m or soul heart in my language i have been struggling with depression for year now and reached a breaking point some time ago i have always been a quiet and lonely person and never had any close friend my circle ha been small and at time completely empty lately a i branch out socially i find myself rejected or misunderstood mental illness and emotion are not really discussed in vietnam and i have been called too sensitive and emotional it got to the point where i almost ended my life however i found a saving grace with a therapist i just wanted to hop on here and wanted to give you guy hope and love that i wasn t given you are all wonderful stay strong and know that you are worthwhile there is nothing wrong with you and emotion are thing to be treasured they help u grow and love but do not yield to the negative one,1
i m not interested in life there thing i d like to do but i have no money to experience them i dont have friend or any girl to share a relationship with life is bland i have a job interview tomorrow i ll probably get it now i ll have to show up and sell 0hrs of my life doing something i could care le about for some money i hate everything it s not enjoyable pandemic ruined everything a girl i started really liking doesn t want to see me anymore because i m not vaxed that one definitely hurt a bit she went cold on me please skip the anti pro vax debate i m over it amp i m not anti i dont like leaving the house or dealing with people i dont see any point in this thing called life it just drain me and i d like it to end it simply exhausting amp i get 0 enjoyment from it it feel like a sadistic game i just want it to end i wont hurt myself i dont think i will i dont know if i m depressed i either feel nothing or anger i envy people who are blissfully happy enjoying life i d give anything have that i dont need everything to be great but i d at least like to not hate day to day life i dont have much left in me anymore,1
need for daily alcohol dosage in order to do so this atrocious but free mental health clinic make it a little difficult but it s still a hell of a lot better than nothing it s not just a lack of med though i ve heard quite a few people say that depression come from,1
hi i m m from texas and i d like to talk to someone that feel like they don t belong i d love to do my best to help out anyone and everyone i don t judge and i will happy to talk to anyone and if you so happen to end up having a crush on me then let me know i will always be here to talk to you and i will never leave you to be alone without a damn good reason i don t care who you are or what you are i m straight but that won t stop me from helping everyone out no matter their sexuality i hope that we can become good friend and i d love to maybe meet yall one day i m here for yall to vent to or yell at or just absolutely destroy if you need to just message me and i ll do my best to help you,1
m i have been dealing with depression anxiety panic attack for 0 year and also have adhd i kind of suck at everything i am failing my rd university almost have no social life have no girlfriend for year no job no goal and no achievement i have been trying to get my life together for year i quit alcohol and cannabis completely i am working out regularly forcing myself to socialize and learn new skill and trying to date failing miserably i am only successful at quitting drug which i can relapse anytime i suffer month of a year have some good day so what is the point of living if i won t be happy and achieve anything what kind of man i am who can not attract a woman and never be able to and why do i bother to live if i am failing every job i took and every university i went to i always feel lonely hate myself and can t look at the mirror anymore i am about to give up but i can t decide please answer objectively thanks,1
stuck inside poorly little people,0
i fear i may go into a depression pit i miss my friend,1
too much internet how it plague me,0
so i ve struggled w executive dysfunction for 9 year throughout my year of college there wa not one assignment that i did not do the night before it wa due i studied late ate terribly amp went thru a terrible depression a year after graduating i still have a really hard time doing thing in general i stall before i do anything at all amp it oftentimes lead to me not doing the thing at all also i kind of live my entire life on pause only taking care of myself when i have something planned or to look forward to i left my job that i wa insanely good at bc the commitment amp longevity terrified me why can t i function amp what ha helped u work thru these feeling,1
torturedlady yea ma naaaaaaaaaaaaaaaaaaaam marwan accent lol,0
lron jaii lmaooo mornin baybeeee don t lie a peaceful journey my train is straight boring not even a hooded teef in sight,0
so far i have veiws on all my site put together most of them were me checking out the update i made,0
off to the hospital soon kinda suck i m not allowed to eat anything x,0
how doe your anxiety manifest itself when you are having severe anxiety,1
mizzzidc la fisto i hope one day you get dragged unnecessary on social medium like this by your child if you think dragging your mom on social medium will take you out of depression then good luck to you,1
allergy playin up like mad today,0
mizzzidc imagine making sacrifice just to raise a child and said child flip up at you like this because of a sneaker she s gon na get back an average parent might go into depression,1
itchy eye grass being cut oh oh,0
after year of constantly feeling dead inside i m starting to wondering if i ve actually died at some point and i just never realized it like in m night shyamalan s the sixth sense,1
pistachenoire laurent brevesdepresse on ne trouve pa le plein emploi en for ant le gen bosser il n y arrivera pa avec s mesures il va gagner de en d arr t maladie d pression pour contourner le syst me on pourrait arriver au plein emploi en am liorant par exemple le condition de travail,1
i m and my doctor diagnosed me with anxiety yesterday meanwhile my mom doesn t leave any chance to make me feel inferior keep barking the world would be a mess if there will be more like you thank god i didn t have another child are some common term i hear everyday but let s skip that i workout almost everyday and took a day break due to a minor injury while bench pressing but now i m just not feeling ok i worked out today and my forearm got so fatigued that i could do nothing so i started with ab again nothing then leg stretching again nothing i m tired of myself i couldn t even tell the doctor what s happening with me i m hitting myself of anger i m shouting i m throwing the weight here and there and what not i ve been feeling really off and am feeling weird my chest is heavy my throat is heavy im not able to cry i m not able to do anything,1
is physically tired but can t sleep,0
i don t know if something like this ha happened to any of you but if i try to sleep on my bed i wake up in the middle of the night or can get any rest i can only get to sleep on the couch i m worried about this because i don t want to sleep on my bed any tip,1
can t belive it we re home so sleepy hr today in round rock tx http loopt u getn w,0
uh d why did the dentist hurt today holy crap i feel like my teeth are all about to fall out,0
alessandrod dude hope you guy are alright except the home car,0
i don t deserve to be alive i m a complete and total fuck up that deserves to die i just overdosed on my clonazepam so here s hoping that it kill me,1
title more or le i m amab non binary and at the low point of my life so far i need to talk to somebody but i m a bit scared tbh the reason being while i m having more and more s icidal thought and thinking of how pointless life is i know that i m too much of a coward to actually commit to it and i don t want to hog the space for someone who s off worse than me tl dr i don t see much point in living anymore but i just know i most likely won t km is it ok though if i call the hotline,1
pogba is one of the most irresponsible player of this era man tried to pin his depression issh on mourinho who insulted the class of 9 co him he sanctioned a big contract for him and helped him win trophy,1
awwh babs you look so sad underneith that shop entrance of quot yesterday s musik quot o i like the look of the new transformer movie,0
i am a male who should be having the time of his life in college meeting new people getting a degree experiencing all that life ha to offer in reality i dont want to be here any more i feel that i am in people life to help them through their stuff and then one they re fix im out of their life i feel like there are maybe people in the world that would miss me if i wasn t here i feel like everything i do on a daily basis is to keep an appearance that i want to live and that i am doing thing for me i have never been this close to just accepting the fact and just not waking up tomorrow i know it might hurt some people that i know but i am dont suffering in silence and i am done with this facade that i have to keep up every single day of my life my life feel like it is on repeat the same thing happen and i dont feel anything besides not wanting to be here i dont feel emotion like others do i can go from laughing like im about to cry to a straight face within second i dont feel sadness i dont feel happiness like others i am in a constant state of numbness i dont want to play this game anymore im done with it there no one i trust that i can share this with and no one in my life truly understands this,1
i hate so much of my life i love being at school with my friend but i have to come home every fucking day i have to wake up to these fucking asshole everyday my older brother is fucking insane on good day he is simply the most annoying little shit that won t shut the fuck up and stop talking to me on bad day he just argues and scream and throw thing and take out his anger out on whoever is closest mostly me bc we share a room my perants are nice but my dad transphobic and i want to tell him that i want to transition but i m afraid he wont see me the same or love me my younger sister is the only thing keeping me here i love her she s so understanding and sweet i don t want to hurt her by dying but i can t stand living anymore,1
i give up i won t ever get better my life will be the same for the rest of my life my youth is already wasted i m rotten inside the pill on my desk are a constant reminder but also a comforting way out anytime i would want to the light from my window is a reminder of how the world will go on and forget about me i like that thought i used to feel ashamed for always feeling ignored and not seen but now it s all i want please hate me it will be so much easier please forget about me please don t think about me you deserve better fuck you screw you don t make a face like that you ll get wrinkle you re crazy you re stupid you don t know anything why are you like this why are you laying on your bed all day why did you ignore all the sign mom i m hurt and i want to die why did you forget about the time i told you i tried to kill myself why did you say ew at the time why did you tell me to never do it again why did you tell me we re just gon na have to make it on our own i wanted help i m hurt i m angry and frustrated it s too late for me to get better i want to disappear,1
kilishi kween because her mama carry her shoe she ll enter depression and want to heal na wa ooo if she carry your car and money fa,1
stephen just left i miss him sooo much,0
tasouls what stupid show were you watching lol not that there is any shortage,0
toutelaverit tu va avoir une d pression quand elle va parler commande de tranxen 000,1
deiondrasanders i m always up late i wish i wa a morning person but i m not,0
lunafiko can t wait to try em but prolly have to wait until next weekend at the earliest,0
glamgirlgargiee beleg bur or bhal hoisiii o exam huni huni moi depression t gusi goisiiii,1
our duck and chicken are taking wayyy too long to hatch,0
hypothetically speaking if i went to walmart and bought some motor oil a lighter and a bottle of water then i went out to the parking lot removed my shirt and then doused my arm on fire i m not looking to kill myself i just want self harm in a different way than cutting anf bashing my head with blunt object,1
tried to download tweetdeck but it wont download,0
after over year of dealing with daily anxiety i feel like i need to heed my doc advice and get on medication i know a lot of people will say that it s not but i feel like a loser and a weak person for not having enough strength to overcome my anxiety alone i look in the mirror every day and hate myself for not being able to get past this for sickening year i ve been trying to deal with this on my own every night i go to sleep exhausted saying the next day will be different sometimes i have better day most day are just a grind to pull myself out of the anxiety i don t mind working hard but i spend hour upon hour obsessing about my health any little ache pain bump or bruise sends me into a panic i have heart palpitation on the regular i can t sleep at night i ve tried working out lost lb walk for hour on end listen to positive message stopped drinking and yet the anxiety won t let go of me i pray to god to help me to give me an answer on whether or not i should get on medication i think god might be telling me it s time instead of enjoying the movement with my family i m checking my pulse worrying about cancer is that palpitation a heart attack wa the doctor wrong when he said i m healthy it follows me every where it s become my closest evil little friend and yet i hate myself for not being able to kick it why am i so weak why can t i tell it to fuck off and never come back why if it s my own brain can i not control it i feel like if i just keep pushing i can defeat it without med but it s been year and i don t want another to go by living like a tortured animal just waiting for it to all end maybe i m just scared to go on med i don t know if anyone can see themselves in what i m saying can you please let me know what if any med have helped you i m not looking for medical advice but when i talk to my doc i d like to have some idea of what he might be recommending anyways long post thanks for listening,1
i have been living my sadness for a year i lost my wife and i don t want to continue here i want to see her again i want to be with her i am trying to continue my life but i miss her so much,1
my anxiety is so through the roof it cause the whole host of problem depression agoraphobia extreme cynicism trust issue assuming everyone hate me that i come off a mentally incompetent everyone look down on me which cause extreme bitterness and resentment towards everyone i interact with feeling inferior to everyone constant feeling of guilt over everything ultra self conscious always worried that something is going to go wrong if i m not always on high alert and never being able to relax everything feeling really fake because i have to pick and choose what i say very carefully otherwise someone might beat the shit out of me too nervous to look anyone in the eye too nervous to talk to anyone always looking nervous and keeping my head down and staring at the ground zero self esteem because i noticed every little thing i do wrong and mentally flagellate myself for it feeling so hopelessly inferior i can t talk to anyone because i don t notice anyone else s mistake ever major anger issue being so nervous i start cry not knowing how to start conversation because i overthink everything i say or just assume everyone want me to fuck off forgetting thing because i m so nervous i try to do everything super fast so nobody get mad at me and i m always in a rush always really nervous and looking over my shoulder to make sure no one s behind me stomach issue because i m so anxious that i vomit getting this point where i m so anxious that i get overwhelmed or something and i dissociate and can t understand what s going on around me everyone think that i have severe autism or that i m retarded i don t know maybe i am but i ve noticed that these symptom go away if i actually feel fucking safe usually i have to be in a place where there are no fucking human it s got nothing to do with autism i just associate human with danger after having the shit beaten out of me so even being in the same room with someone else put me on high alert no one is screaming at or threatening me and no one is fucking watching me unfortunately i get lonely but people pick up on how nervous i am and they say that it make me unlikeable they say that i come off a creepy shy and weird and i can t even bring myself to talk to people because i hate people fucking looking at me after the incident unfortunately i never feel safe anymore i am stuck clinging to my abuser and being unable to leave them because i know if i m out on my own i ll be destroyed by everyone who see me it s like i m walking around with a giant red target on my back that say kick me probably because i m short and they know they can easily kill me if they want to in my personality is so unlikable they know that people probably thank them for killing me i don t know what to do im really lonely but everything about me is wrong and shitty and i m a garbage human who doesn t deserve to exist all i ve heard from god damn human since the incident is how unlikable my personality is i m sorry i got beaten within an inch of my life for 9 month straight and i m fucked traumatized by it don t you dare call me a wimp if it happened i bet you d be fucked up too and you wouldn t be mr tough guy,1
ive been suicidal for a long time now ive actually pussied out twice now and no one know i have a s o but because of no free time we only really see each other at school which is not the place to cry every time we try and plan something someone s parent are always there so it s never really safe to just vent alone and my parent are half the problem i face constant pressure for my sport from my mother meaning i barely have free time in fact ive barely been free at all this year with the exception of a few weekend and day in a holiday period even then i m usually busy at some point either the next weekend or every other time in the holiday my father left when i wa five but that s a whole other story the reason he left ha been bothering me for so long and despite how much he talk good about other thing i do he belief that i shouldn t follow any dream and should just become a lawyer and im too scared to talk back a he ha beat me before for littler thing neither of them believe that they are problematic and if i told them they would blame each other which would only make me feel worse every day i get closer to truly killing myself but i don t want to make my friend sad,1
liberalnomo thirtyonemks nowthisnews so what advice would you give a man who ha depression cuz he know his sexuality is off and he s attracted to men he also feel uncomfortable in men clothes and can t get turned on from woman or would you just not even associate with them even tho they re an amazing person,1
when my depression go wayyy down deep i say okay diana you re going into dark mood what can i do to fix it,1
mizzzidc but move out soon swettie you sound like a breadwinner so have your own place to avoid sinking into depression over sneaker,1
also the anxiety and post groove depression yho ha a sana,1
mad tired today callin it in early tonight nighty night twittas,0
i m tired of seeing political shit all the time everybody is always making fun of someone or arguing with someone and it s everywhere i wan na fucking kill myself for the sole purpose of escaping it it s not just on reddit either it s youtube it s real life it s tv commercial and tv show i hate it so much it make me lose all hope for humanity i want to leave this country but i can t i fucking hate living on this god forsaken planet please if anyone who is hyper political is reading this fucking stop do something else,1
it seems to cause physical symptom too been having terrible health anxiety symptom out of the blue terrified of my throat closing up randomly and you ll never guess what my anxiety is currently making me feel throat tightness currently going through this cycle of scared of throat closing gt fear cause sensation of tight throat i hate how health anxiety make your brain convinced you re gon na die recently ran to the doc thinking i had cancer found a weird lump in leg it wa a lymph node if it s not cancer it s allergy or a rare autoimmune disorder no therapist ha yet been able to help either it suck and make it hard to live a normal life,1
dad wa admitted to hospital yesterday so want to fly to cape town to visit r 900 for monday return ticket on kulula,0
i get so many thing done when i m not in a depression episode,1
so many mistake every decision made wrong so many wasted opportunity so much brutality so much evil so much sadness so much loneliness so much failure so much betrayal so many addiction so many false hope too many failure to bear how long can my heart beat with this suffering how long until i give up,1
cpt depression http t co c0clievua9,1
so for awhile now i ve tried multiple time to hang myself and also tried to slit my wrist but all my suicide attempt have failed and im trying to find happiness in life and find a reason to live but everday i just wan na end all my suffering anyways here s why i feel suicidal so basically my mom and dad are abusive and make me feel like shit and then my brother and sister don t understand what im going through so they make it worse and my parent threated me if i call cps or anyone about what happens at the house i would get whooped till i got red mark and alot of bad thing somebody please help me before i take my life,1
is sad that the march break is over,0
motivated to sleep but i m feeling quite icky,0
get rid of the anxiety depression and severe stress end alcoholism do shrooms http t co gbpex gcrv,1
i ve lost over at least job because of my mental illness maybe i should just focus on counseling and my medication for now and stop pushing myself to take job that i m clearly not ready for i m 9 year old and i can t even keep a job i feel like a complete waste of time and energy please someone tell me that it s gon na be ok and that i m doing the right thing should i just quit or should i keep fighting for the job i dunno,1
am i going through depression again,1
imaginarypeach now your leaving me get sad,0
aahmddr gradyymk perso c est ce que j ai fais il m ont meme pa un irm apres examen il ont d clar que j avais rien j ai donc t contrainte de prendre une pillule qui m a fait tomber en d pression et an apr s avoir chang de pillule pour une plus soft avec un cycle de j,1
normally i use my note app but this wa the first time i had written pen and paper somehow it feel good it s the final chapter of my life i hope people in my life understand i had to do this for myself the pain is too much for one to handle everyday,1
over the past few year i ve had trouble with relationship being irritable weird eating pattern and suddenly being overcome with fear that i can not shake i have avoided telling anyone in fear of self diagnosing so my question is how do i know if it s time to see a doctor,1
idk if it wa selective mutism or not i never got a diagnosis wasn t even suggested to get tested for it partially bc i don t think people understood how serious and debilitating it wa but i used to have severe anxiety around certain people mainly teacher or subject talking about myself or asking for help were big one for me to the point where i literally couldn t speak like people don t really seem to get it when i say this because it s one thing being shy or nervous to speak for me i know how that feel like if i m just nervous i just feel very uncomfortable this wasn t that when talking about certain subject or talking to certain people i would have this very uncomfortable and sometimes very painful physical symptom where i don t know how else to describe it other than it felt like someone wa stepping on my throat like my throat wa closed shut tight i found it hard to breathe not in a hyperventilating kind of way more like in a i m choking right now please help me way i would start hyperventilating if i wa forced to speak for whatever reason trying to force myself to speak would make me lose air lightheaded and i would start breathing hard trying to take in more air since i wa literally choking on nothing basically or worse i d quickly break into an anxiety attack and start cry if i kept trying to force the problem even harder to breathe i felt faint close to passing out so many time then it wa not even funny i m not looking for a diagnosis i wa just wondering if anyone can relate idk,1
boagworld the profile picture make a happy return i think i need a new promo picture,0
is boarding ek a usual no upgrade from ek colombo,0
il y a litt ralement ce qu on appelle la d pression hivernale donc oui oui rayon de soleil tout le monde est content,1
toddlington only a quarter of a percent babe darn,0
notyour kainat itni utri howi sorat ko kon follow kary phely kam depression hai,1
so ive had a few small victory here and there which have made me noticed how we all make stuff 0x worse than how it actually is idk if it gon na be a long post but hopefully not so my main struggle is health anxiety it shocking how much it changed me ive always lived with it but it became a thing a bit before the pandemic obviously the pandemic made it 0x worse anyways i wa not working barely working out and barely had a social life isolation so i knew i had to do something i enrolled into a master degree in europe i live in mexico so it a big move anyways coming wasnt that hard actually the first few week it wa easy i walked around my new city went out etc my health anxiety wa still there but diminished so now i start class and ive always been a shy person i dont come across a shy somehow but i am and i wa having a hard time feeling like i had friend one thing about my anxiety is that im super functional i may be dying in my head but im still at school and whatever but the thing is i dont have social anxiety i love meeting new people but because i wa in my head dying or thinking that i wa having a stroke or something the nerve were translating to me talking to people i felt odd weird and that everybody noticed im sure there were time were they did but here come the good part a friend frome home came to the same course a me but she came in a few month late so about a month ago when she got here and went to a few class she asked me how are you friend with everybody i wa like huh i feel like im forcing myself on these people and only talk back if they talk to me i dont feel like i have friend ofc i didnt say that but i told her oh yeah whatever lol second victory wa today we have a class where a teacher talk all the time and barely let u talk she had u gather in team for a debate and when it came to me she stopped the class and said you meaning me im gon na pick who you go with cause youre a chit chatter and talk to everybody so they all want you in their team thinking i would have no problem debating since i dont have an issue talking in public at least in my class i wa shocked i still felt like a weirdo sure i did crack a few joke here and there but didnt really feel like people would noticed if i didnt show up but idk it made me realize how even when my mind is crumbling and im on edge people dont notice a much a i think if i told you all the stuff im thinking while im talking to people yall would laugh is this headache a stroke or maybe covid is this twitch a clot am i gon na faint now is this pain from overdosing on pain killer last week and my kidney is about to fail that is just an example of what my mind is thinking while im trying to have a conversation with people this is kind of a wake up call because it all in ur head ive been worried about stroke and disease obsesivelly for year and literally knock on wood everytime everything come back clear and the only think that worrying ha brought me is not enjoying where im at of course it easier said than done but omg im gon na try to remember this everytime,1
i have suffered with shortness of breath due to anxiety ever since i wa diagnosed with gad generalized anxiety disorder about year ago doe anyone else have this it just feel like i will stop breathing doe anyone have any coping mechanism around this a it s really horrible a well a shortness of breath i also feel shaky and tingly and i have no idea how to calm down when i have these episode,1
lamacurieux battle 0 copaincopain mon avis a moi aquatennens du m thane artificiel ca reste du m thane la diff rence c est qu il permet de renforcer notre ind pendance nerg tique si combin l hydro lectrique au nucl aire etc enfin le oliennes d pression n ont pa besoin de vent idem pour celles de courants marins,1
is not looking forward to working today,0
this ha become a coping strategy for me i always did it to some extent i had many other ocd tendency a a teen but those went away pretty quickly after i tried to stop them but i ve become so anxious lately that i m starting to scar my face i know it s gross so please don t hate on me just wondering if this is something that anyone else with anxiety experience thank you,1
sorry about the structure being bad in this i just need to write down my thought i genuinely don t see the point in living anymore i might a well just kill myself now and save myself from the bleak future that is coming with climate change war famine and all this other stuff that is going to happen and show no sign of stopping i might a well just kill myself now before it all go horrible the only thing really keeping me from doing it is the thought of my family and how devastating it would be for them to lose their son i m still young i haven t got a guaranteed future what s the point,1
feel like there s just too many problem to address at this point everyday i try to hold out in hope of something somehow getting better but it somehow feel like i m never at the bottom of the hill at this point i m only alive so that some people don t feel sad or guilty but honestly i m getting to a point where i don t really give a shit if i m dead i won t have to experience or see the pain that they will ultimately feel from the death so who give a shit,1
i get into argument with my mum almost everyday and the reason is because of me i don t intend to start a fight but i always some how manage to my mum ha no tolerance for stress and that s why she is so sensitive to argument because she ha been through a lot from me and my dad i hate to admit but i don t like to be around my family my younger sister doesn t even like to live in the same house a me because of my toxic behaviour and inability to communicate properly i never wanted to hurt anyone but now i ve become a thorn hurting more and more and i have seen my decline over time with how much more severe thing have been in home my mum ha been damaged so much by stress that she is forced to stay in bed for the rest of the day if an argument unfolds and it wont be long until she ha a heart attack from stress unless something change when i go out with friend s once a month or so i m quiet and there is never any trouble caused and i m able to have a break from reality for a few hour until i go home and face stress again home drive me insane and i hate it because i m around people i can t get along with but i never wanted it to be this way but i made it like this my only peace is when im asleep alone or outside with mate and thats not enough to keep me going over the past year i have changed so much and i don t know what to do anymore i have become emotionless and hollow building up all my pain and sadness inside and not showing anyone except some friend but only the tip of the iceberg i never wanted to be the bad guy but i end up being one because of a mistake i make i myself can t handle stress either so i might not even finish school yet reach college it doesn t help either that i don t want to go to college so my mum will kick me out of the house to go live with my dad who ha been severely affected mentally by drug and is deranged my mum say i m exactly like my dad and he is a horrible person i don t know what there is to live for in life i m hurting everyone around me and who know how long it will be till my friend cut me from their life depression is horrible and i will never wish it upon anyone because it is like a wound that re open deeper and deeper everytime it close to being healed i hate life and hate myself i don t enjoy anything and hate school so where will i end up if i survive school i don t know and it scare me because time is ticking faster than i want it to i am going to commit suicide in the end whenever that time arrives i have sealed my faith and can t undo my bad the tunnel is getting darker for me and worse is to come i waited long enough for a sign to keep going but i never received one i m a burden on my family and a selfish soul that doe not deserve to exist only i can save myself but i gave up a long time ago how do i even find a reason at the lowest point in my life if anyone read this thanks for taking a moment out of your day to hear my pain,1
within the last week i ve broken controller one of which i actually stomped on until piece littered the carpet through out my life i ve never broken anything out of anger but now i can t fucking control it i feel le of a man every day when ever i see someone better than me at anything i m constantly angry at work and at home now angry about home stuff when i m at work and angry at work stuff when i m at home i just want to eat a fucking bullet i m a fucking pathetic excuse of a man through and through there s not an ounce of me that is worth anything i am below dirt i should be buried alive i have never had value in any capacity to anyone,1
i want to be dead ive been suicidal for year im such a fucking retard filled with regret and anger im done with life i want all of this to stop why i cant do one thing right,1
azraeel got home after 0 in the end back in for a 9am start aswell,0
gym attire today wa puma singlet adidas short and black business sock and leather shoe lucky did not run into any cute girl,0
what are some thing i should get in order before i go i d like to either sell or toss most of my thing plan on paying off the little debt i have writing goodbye making sure nobody see anything traumatic what are some thing one would do or not do before death not looking for help or pitty just something i might be forgetting thanks,1
adolfengelbrec bakang seretse s lawyer long called tautona gore ate go testify and that wa the end of npf case nna re unemployed all you do is worsen our depression sometimes it s better shut up cz you re part of the cartel that is robbing this country hao harologane nabo,1
fuck it s just perfect torture god i could not make it any better myself honestly i give credit to those torturing me y all made me just perfectly susceptible for this shit in my hell odd why a god make a person a he device their hell why make them in the first place and why make them do what you would punish them for this post like everything will not help but if get the stuff off my mind,1
just violated the tuner rule dont buy non performance part sorry ima buy the air filter next time,0
i ve suffered from anxiety and depression for most of my life i ve also occasionally had some episode that might be derealization but i m not sure once in high school i suddenly got an overwhelming feeling that my boyfriend someone i d known well for year wa unfamiliar to me my heart wa racing and i felt like my grip on reality wa slipping it wa traumatic and i haven t experienced an episode that bad since then i m 0 now but i worry that it could happen again someday for those familiar with derealization have you ever experienced this,1
loved her and gave her everything we went through alot cancer for my mom cancer for her mom we leaned on eachother stress life living together just so much love for her if you check my last post on r infidelity you can see the detail basically she dumped me said she feel numb need to be alone stress her mother illness work all that devastated me i accepted her decision and even told her if she feel like she need to be alone she s doing the right thing i wa going to propose soon now i wa devastated already really bad really in the most pain and now to find out she wa cheating put it on a whole new level the feeling of being thrown in the garbage and replaced the feeling of inadequacy like i can t be loved there a way out and i can end the pain i don t see a way out for me im so lonely im in so much pain,1
george mackie i dont sell very often on ebay,0
just leaving the parking lot of work,0
that wa it folk spring s gone and winter is back it s snowing outside,0
bugger the spray paint just showed up i spose that mean no riding and doing work for me now sad day,0
hi i m a 0 year old boy from italy and recently i ve discovered that i suffer from depression i have a bad job which doesn t pay me a lot my girlfriend broke up with me for no whatever reason and every single day i cry and wish for my death i m trying to stay lucid but i have prepared a bag full of pill around 0 of them in case thing still go wrong i m trying to go forward with everything but i m tired of being a good person and treated like shit yesterday i wrote to another girl you know just for company haven t got a message since then still waiting if thing go wrong i m gon na pull the trigger on my life and go finally away,1
i always have these time where i really think about myself in middle school and i get really fuckign sad i wa bullied and treated like shit but i never really admitted to it and wa always in denial about it i never really defended myself or stood up for myself and i wa really quiet and it make me want to slit my throat like i wish i just stood up for myself and defended myself and wasn t such a coward like i can t stop thinking about it and it really fuck up my mood and i always feel so shitty about everything like it s in the past and i can t do anything about it but i can t help but move on and it s constantly in the back of my mind it literally make my blood boil for some reason i have anger issue and when i get treated shitty for no reason especially when i m really quiet and shy it make me so fucking angry like why do u feel the need to pick on someone who s so introverted and clearly not very social like fuck you fuck them all and fuck every person who ever treated me like fucking shit in middle school elemantry school i hope they fucking burn espically this one kid named nick he made my life literal torture and the worst part wa that he wa in every one of my class fuck him and i will always wish nothing but the worst on him,1
can t believe cutner is dead on house sad day in santa rosa ca http loopt u orpl a,0
i m stuck awake in the middle of the night for the second day in a row and i felt terrible yesterday,0
laura no im not we are gunna go this hols though i really want to see him,0
scarletjac but not good for me close to my current challenge,0
catq wa so thinking of you family and friend glad you re okay but it s a black day for italy with all those people killed,0
playradioplay that wa so sad and unexpected i totally cried haha,0
t w stalking so the other week i had a late doc appointment and whilst i wa walking a man started following me it obvious scared the shit out of me and my heart wa racing and i felt jelly leg and i wa in tear fast forward a couple of week and i ve started getting a racing heartbeat and feeling faint etc having the feeling only when i m out by myself so i know they re panic attack but they only happen when i go out by myself even if it s from the bus stop to home i m guessing that it may be from what happened are there any tip people have for trying to battle this im seeing a therapist soon but want some extra advice whilst i wait for it,1
my anxiety make it almost impossible for me to talk on the phone even people i m not anxious around irl i get panicked with on a phone call so 99 of the time i don t answer call and definetly don t call people well now i had to answer a is wa a pretty important call and i m pretty calm after it like usually my heart beating like crazy i m sweating and my voice break during and after but now i m pretty i just feel short of breath and am a little shaky but i think it went pretty well my voice still broke during the call but not a badly a most time,1
hey everyone i recently moved to another country for work this seemed like the best option due to lack of option in my own country the move came just after various treatment facility to manage addiction which i believe wa a side affect of my depression my experience in this new country ha been hectic no one can speak english so making new friend and connection are so difficult i have found myself wallowing in this outside of work i pretty much just sit in my apartment feeling really sad last night i had a dream that pushed me to a new low this morning the dream pretty much had me in a group of friend having a good time i don t remember any of their face there wa even a girl that i remember making me feel loved i dont remember her face either but that connection left me feeling so so alone,1
the negative emotion and thought neat study is recruiting adult age in canada and the u to participate in an online survey examining how people experience and manage negative thought and feeling including suicidal thought and emotion dysregulation eligible participant will be able to enter a gift card draw to complete the online survey see if you re eligible please click here http uwo eu qualtrics com jfe form sv lrjdolhgxajdcg http uwo eu qualtrics com jfe form sv lrjdolhgxajdcg thanks so much for giving u a chance to share our research study feel free to contact u if you have any question or concern,1
aiyerchitra yikes now i have no clue what to do,0
mandy moore quot cry quot http twt fm 009 quot a walk to remember quot by far my favorite movie so sad i cried like a baby,0
devastated that the spiegeltent won t be coming to edinburgh festival this year http tinyurl com djh pr,0
my personal web site wa hacked what should i do,0
kal penn most confusing hour of my life,0
my childhood cat died in a horrible accident while no one wa in a room and i saw all the aftermath happen when i ran into the room i ve had anxiety of slamming door book heavy object in general ever since a few day ago my dad wa working on my car since it ha leak and the door were open our other cat are free to go outside and they were out and about since it wa nice well my dad got done working on the car and closed the door later he asks me to put the car in the garage i go and start the car open the garage and begin pulling forward just then i hear two raspy meow and all the blood rush from me i almost start cry i m hyperventilating i jump out of my car and check under the tire but no one is there my cat jump onto my dashboard from the backseat of the car i m so horrified at this point but begin to calm down knowing shes okay and that my dad accidentally locked her in the car for a little bit i m glad shes safe but ever since then i ve had nightmare of running over my cat with the gory imagery coming from my first cat death and those meow my cat voice is naturally like that but sounding more in pain and raspy i dont know why i m so scared i dont even want to drive anymore because of this i always double click my lock button before i unlock and get in so that my car beep and scare away anything my parent get mad at me for doing it in the morning i m so scared of another accident what do i do,1
german longcovid study 90 9 had no measurable physiological change ie psychosomatic risk factor pre exisiting psychological psychiatric condition depression postrauma anxiety specific job bureaucrat administrator teacher lower than average physical labor http t co llxtl g,1
theekween depression and anxiety thelmasherbs,1
i think the pandemic hit me hard i moved out of my childhood home of 0 year week before the pandemic hit i had worked job and saved for year for a deposit on a place of my own which in the very expensive city i live in wa 0kms away from my family it felt like such an amazing achievement at the time but ever since then mentally i ve never been the same i am so lonely yet i enjoy living alone i am a highly anxious person i always wa but now i just worry all the time i move about life with a permanent storm cloud over my head i struggle to regulate my emotion i am getting more and more overweight and can not seem to stop eating bad food i quit my job in 0 and got a new one but i have never quite been happy or settled there i have tried mindfulness regular exercise breathing technique everything you can think of i went to the doctor for help with regulating my low mood and she put me on the pill which ha made thing even worse i am feeling thing lower than ever before i had a really bad day at work today and for the first time ever i thought not in any way seriously or actionable but the thought popped into my mind how suicide would be an option to not have to deal with thing everyone around me seems to be so busy with husband wife kid activity etc i seem to be getting left behind how do i cope with this how do i get back to being happy and determined and not so down and low,1
i m tired of only having people that don t listen to me i m tired of codependency i m tired of my brain always going so fast and there s no calming it either i m fucking tired i do not want to live anymore i ve fucked up my life and there s no fixing it because it wa doomed from the start it seems like i m doing great but i m not i should be but i m not no one care about me my friend couldn t care le about what i have to say they just want me to listen i don t want to listen anymore the one person i wanted to care i realize now doesn t give a fuck about me he listens to her though she is heather and i m meaningless so i m done being in the way of the two they can have eachother i will go i m in the way that s all i ever am i m an annoying thing people can t get rid of i m a weight on everyone s shoulder i m tired of living and i m done with it,1
gabbyisactive brat you have to rub it in don t you i want a mocha,0
redpr no look like housework for me,0
goodbye jive test server so very sorry to have to shut you down,0
ready for sleep but having trouble sleeping,0
schofe that sound like a great show shame i m at work,0
penndbad send me the dvd co i have missed out on heap not happy about that,0
why do i have to put up with this b i didn t ask for i ve been planning to kill myself for a long time and i think i ve reached my breaking point no one actually genuinely like me everyone pick on me but i m the sensitive one when i confront them it s always me i ve watched my older si have a nearly perfect life and helped her through all her struggle what did i do to deserve this wa i freaking hitler in a past life i can t cry anymore so i have no emotional outlet for my feeling everyone i ever talk to run away or blame me for my problem and i recently lost a very important friendship because i opened up to her i am just really tired of life and no one would miss me anyways i thought i wa strong but i guess i m not if you read this i appreciate it,1
hi everyone it s my first time posting on this forum i m really in a bad spot wondering if my anxiety ruined my situationship and would love to talk it through with someone if anyone could message me i d really appreciate it here s a bit more color on the situation we were good friend started talking in december hooked up beginning of february got into a disagreement the next weekend at a bar because this girl who he had hooked up with previously wa all over him and it made me visibly very uncomfortable we spend the next week talking every day but not seeing each other i definitely try to initiate a few hangout so doe he but le so and it didn t really work i know he s also talking to other girl a well but continues to tell me that he really like me and just want to keep getting to know me better last saturday we hook up he again tell me how much he like me and that he doesnt want to play game thursday i ask him over snapchat if he want to meet up for st paddy and he doesnt answer we end up at the same bar i make a comment saying ohh i thought you said no game just teasing he get upset and think i m trying to have a feeling talk with him at a bar while he s drunk we flush it out over text the next day and i ask him if he want to hang out this weekend he say we ll see and that he ha some plan already we end up bumping into each other again on saturday this time we talk the whole afternoon but i can tell he s le flirty more withdrawn he s going to a concert so he leaf i tell him later we re all going out to this bar he like and he heart the message this morning i snap him and ask how the concert wa no response obviously i need to leave this man alone at least for a little bit but i feel like back the first time we hooked up he wa so so into me then i ruined it by being jealous at the bar and by continuing to only pursue him i got complete tunnel vision i should have just left him alone and maybe he would have come to me but now i ve put so much pressure on the situation it doesn t help that my roommate who is his friend tell me constantly how much he doesn t actually like me and that he s just a player,1
i wish there wa something for dinner,0
starting next month april 0 i ve landed a job at somewhere i have no experience in because all i know is kitchen work it s a filing job and it s very social and communication based something i clearly have anxiety with i will be speaking to people face to face and on the phone daily and i get so anxious thinking about it if anyone ha any advice please help me out i want this job because i hate working in kitchen thank you,1
this is how to show a loved one you care when did you begin feeling like this mentalhealth depression,1
the apple app store is filled with themits bad enough to operate this type service through in app purchase some with free trial but when you read the review they are all riddled with example of predatory pricing or the counselor or whatever just completely ghosting them after taking money for a couple session it fucking terrible when you consider how many suicide it will lead to that could have been prevented if they had actual help it pretty disgusting that apple atleast treat them like great top tier apps and ha them in a bunch of their list when they shouldnt be in the store at all sorry just a rant i wish i could suggest decent mental health apps but i have no clue,1
ha twitter changed in past week can only view page of tweet on phone a selecting older repeatedly show page and no more,0
i f have a lot of personal challenge including depression anxiety ptsd and idiopathic hypersomnia always tired no solution i have been dating my boyfriend m for almost year now and even though he ha no personal experience with mental illness he doe his best to be understanding and helpful when i m falling apart however lately i ve been feeling very insecure in our relationship because i feel like i don t do even half a much for him a he doe for me he doe a majority of the cooking cleaning and laundry especially lately since my mental health ha been declining in the last few month i know that it seems simple for me to contribute more to these thing but it s hard for me to bring myself to do these thing when all i want to do is sleep and distract myself from my depression i have talked to him about how i ve been feeling and apologized for not doing more and while he say he understands i m so scared that he ll leave me because i m a wreck i m trying to budget for therapy but it s looking like i probably can t afford it until may i just don t know what i can do to feel better and start pulling my weight,1
gmb ive just retired ive had nothing from the budget but gosh how in such a time of depression war and these time we are all in a terrible time cut the cloth the nh need help i think he is trying to help what do you want money around the world is the same it sad,1
damnit i wa really digging this season of reaper http www tv com story 0 html ref story id 0 amp ref type 0 amp ref name story,0
i m so tired everything is rough right now i m getting sick of it and i want out it seems thing go wrong at every turn lately for example my family went on a big march break trip one week on a resort wa gon na be awesome to top it off i wa turning sixteen that week and guess what happens i get norovirus for day and then the flu for the rest of it i missed half of the trip how fucking incredible back home now and thing are more stressful than when i left the ceiling of my parent restaurant caved in from prolonged water damage which our landlord wouldn t fix and we ve been closed for a month now with repair only starting recently i have been unable to work this whole time which is lovely considering i am paying of an expensive computer feel selfish to complain considering the scale of issue that my parent are facing but still fucking suck i can barely get myself out of bed in the morning now and i ve missed lot of school a a result of course my grade have fallen i ve got missing assignment littered about and it suck cause not long ago i wa a 90 and up student i just want to be dead i m not brave enough to do anything though so i guess i ll sit and suffer i wa hoping i d have turned all this around by it s been year that this ha been going on now and i am so disappointed in myself for it i know i could do better than this i know i have the capability if i could just have enough energy and will to get the fuck out of bed every morning all would be perfect if i could look at myself in the mirror without wanting to claw my face off all would be perfect but none of this is gon na happen because i don t have the drive to bother with any of it nobody know either i don t think anybody ha the slightest clue and if they have an idea they don t know the depth of it i m not gon na tell them i ll probably have died already by the time i have the courage to say anything oh well i certainly won t tell my parent i don t even know how we are still afloat financially with everything that s happening but we are barely and i m not gon na add stress to them,1
ballinbitch haha im not that ballin i still got bill to paaaaay,0
saw an ad on craigslist for a casting call for a female host on g i wa totally psyched but realized it wa a hoax,0
i m absolutely fucking leathered i love you all,1
i just doubt and am insecure about everything specifically my emotion a well a my time management and productivity for example i will feel tired then i ll think am i actually tired what doe tired even feel like am i just imagining and making this up i do this with every emotion including happiness and excitement it s ruined how i feel emotion i don t feel any of them anymore because i doubt them so much i just feel numb how can i start feeling emotion normally again and stop doubting them,1
i hate myself and my self destructive behavior,1
i m on mobile so please excuse me i m also a first time poster on here female i quit a job i had for year last year in may of 0 i wa really good at that job one of the top people even if it wa just a warehouse job i wa a trainer i knew how to do everything and a lot wa expected of me everyday my bos wa incredibly verbally abusive to everyone i didn t realize it for a few year but my last two year being there she wa talking bad about everybody behind their back and just being a horrible human i finally quit one day when i got a different job with an old coworker i wa working that job for about month before i started to struggle going at first it wa because i felt inadequate and tired all the time i have a problem with being new at thing it progressed to a new coworker there wa starting to push my boundary a little bit older man telling me what to do and making me feel dumb which i know is my own issue i realize this whole post is my own issue but anyway i ended up leaving that job because every time i wa there i wa going to the bathroom to cry at least once and i couldn t make myself do it anymore and between that place and the job i m at now i had three other job one wa amazon delivery the other wa a daycare and the one before that wa just instacart i couldn t make enough money on instacart to even be a part time job it wa also putting stress on my car but i loved being able to work for myself basically and create my own hour i hated how the kid at daycare were treated and it disgusted me to the point i couldn t work there anymore and amazon hour were terrible and i wasn t getting home until 9 00 p m which doe not work for my year old son i finally got this job in january of this year and so far it ha been pretty good but i ve noticed that i m struggling to go a full 0 hour pay period in the past month i ve missed seven day which is a lot i suppose i just wake up in the morning and struggle to go and a voice in my head tell me that i don t need to and everything will be okay even if i decide not to go a long a the excuse i have is good enough and then i get so anxious about going back that i decide to stay home the next day and the day after that i m currently on my third day of being at home and even though i have a good excuse i m sure they don t believe me a little bit i don t know what s wrong with me i ve always been a hard worker and up until my breaking point last year i didn t know what this wa i still don t know what it is that i m feeling i m not feeling entitlement or anything like that i just feel empty and numb and what s the point of going i have to have a verbal argument with myself let me say that again with myself i literally have to talk out loud to myself and argue that i have a house payment i have bill i have a kid who also ha bill what is wrong with me my family on both side ha history of depression and i have unprofessionally diagnosed adhd my mom ha anxiety disorder last year when i quit my job i left because of the work environment and how bad it wa and now my new job it s more laid back but it s the same kind of job nd i m constantly worried i m being talked about and that i m not good enough to be there my anxiety from the other job is transferring here for no reason everyone is incredibly nice i m also struggling internally because i really want to go to college and get a better kind of job but i don t know what i want to do yet i m feeling overwhelmed by it because i m a single mom and i don t know how i m going to be able to go to school and work at the same time so i guess for the past couple month i ve also felt pretty trapped feeling like i ll never work for myself and i ll never get a good job because i can t figure my life out but ha anyone experienced this kind of feeling at my age i don t know if it s burnout or if it s related to my cptsd that i have from a physically abusive relationship from year ago i ve tried looking it up on google i ve tried listening to meditational motivation stuff and anyone give me help in the form of advice i don t want to be like this forever i know it s understandable to not want to work but i should be at work literally right now and instead i m in bed speak texting this because i know something s wrong with me i can t afford to do anything therapy right now so just any insight or story from when you were my age and you broke a little bit i m just scared and tired and i want to kick myself in the as but i don t know how and i don t have the energy too i really don t need to hear anything negative about me because i can tell you i m already thinking it i just feel like a waste of space who can t get her s together that my son deserves a better parent than me,1
depression ha no face and it chooses no one,1
what to do when depression is so bad you can t function properly i shower every day and i don t brush my teeth once every few week and i fear that it will cause problem in the future i just ate like donut and chip i m not fat btw lol and i can t fucking bring myself to get out of bed i don t know why,1
i miss jesus i miss the warmth warmth of the graspclasped onto me with both handsholy hand holding hand hold my handi remember i surrender to falsity and ill conceived connotation taught to believe misinformation that my purpose wa purposeful but it s all for man s profitand the only true prophet is the soothsayerand the soothsayer is an entity of many layersa coterie educates on blanket of misconceptionblanket me so i ll be warm full and fret freedisrobe me so i ll be broken open and emptyall i take is blue pill to calm mebut all i really intake is falsitythese line are just stanza so do a you willlife demand a mind of stabilitynot insanity but insane is written all over meso take your fake pill and snort up these linesor waste it all get ill and snort white lineswhite lie won t kill right get wasted don t wake up just wait for you to fucking taste itit s never enoughtake your blind pleasure freedom and delight it your birthrightfree will do a you willbut think twice before they put you on the spotlight because once they have you chained up you convert into a cenobite with no change you secure your own chainsand if you re unbothered call me deranged may a well fasten the rope and stay restrained no one s going to save you except the latter so choose a life of false glamour or have it shatterthe pain is worth itonce you re open you can truly observe it unlearn it be free from the cage or stay locked in and fall into the greyits all a fucking rat race,1
anyshalyke oh you went clubbing without me lol next time we can do it together,0
hi i ve been focusing on my mental health recently and i think i have depression here are my symptom i am constantly irritated i do not like any human interaction whatsoever for some reason i just don t like dealing with other people this varies from day to day i don t know if it s from past experience but i can t stand other people physically i have no energy finding interest in anything is an arduous task for me i am happy for those close to me that achieve or accomplish something but i just can t express it i notice this because i don t smile or act happy when it happens i have no motivation i am financially confident but i don t see the value of my work i don t know that to do with the reward i have earned with work i sleep a lot i probably sleep around 0hrs a day if anyone can explain if i do from past experience or if you are a professional please reply thanks,1
watching david tennant interesting set filming update i wish i wa in cardiff,0
hero just isn t doing it for me this season,0
i don t like the previously on skin thing that start at season two i like it when it went straight into the intro like before,0
this post covid depression is making me go through it,1
ammarz i could not install it for xp user here in aramco vista user have no problem weird,0
i nyctophile yup which is not necessarily equivalent to depression na,1
i don t know how to explain it i had bad childhood and tbh i never felt love in my whole life if i care for someone and they see this they hurt me i m not only talking relationship but with overall people around me and i have depression i feel tired all the time and sometimes i can t even leave my bed also i m very paranoid i feel like everyone want to betray me u me and i have lost all the trust because of it don t even feel like human,1
i m thinking about killing myself since i m almost did it time and had multiple breakdown the last year i m now and nothing changed but i want to get better how do i tell my parent i really need some advice please,1
i just wanted to put it out there for after the fact,1
thepradeeprawat aastha tiwari sir please help state baord student we want internalassessment we are in mental pressure and depression,1
just saw little and huge stingray in foot deep water off catseye beach at low tide no turtle yet,0
i think i am meant to die in obscurity i ve been working here for almost year and learned everything from scratch this company is just a mess yet i ve got nowhere else to go last year we had a new guy start and he ended up being my best friend i trained him we literally know everything about each other and we ve gotten close but one thing that bothered me wa that he s gotten two promotion not just small promotion i m talking management business partner promotion within le than month here i am who know the service center and struggling to keep our employee happy and training new people yet i keep getting overshadowed i ve given up on everything now it s clear to me that i personally don t matter anywhere i have to die so i can be reborn or just never be born agai into this pathetic life i m too nice and i m short and dropped out of college i m happy for him because i m such a nice guy and i know his story so i know it s not nepotism and he would be a great fit but so would i not even a freaking interview just to be a temporary solution for a permanent manager so why set yourself up for failure and use somoene who ha not been in this role in over minths and avoid the one person who took everything on and learned everybing from scratch and literally got a pay increase a year after because they diddint fucking realize i had worked for over 0 ymfycmi g year kill me nowjillmekillemememememenediediedeidekillme,1
i hate it when i m having depression day and then something i wrote get published like i m sad but also happy but also guilty for being sad brain bitch what do u want,1
also i shouldve bern asleep an hour ago,0
is waiting for the scrapper to come to pick up his old saab,0
diljan sidhu samhaig90 9 figenabler his severe depression say otherwise,1
no o gprs anyone else with issue,0
think i m going to bed goodniight i hate this,0
myconnecticut restaurant called woodntap ha competitive eating tourney round tourney time we place nd,0
well bed time now am sigh back to am morning for a week on wednesday,0
alrighty folk i ve been ready to go for a while but i guess now it feel more right to leave this world no offence but this ha been the most boring nonsense tenure ever and i have no idea how the majority have deluded themselves into staying in a world that is mostly just a turd with sparkle and corn in it then call it the spice of life i am increasingly bored with life nothing is worth the effort or struggle to do what die later that is not appetizing i quite uni i quit therapy i quit med i don t really want to be here anymore but i am constantly held back by my own laziness i just want to sleep all the time to the point that i hope that any merciful god would give me death a a reward for withstanding such a shitty existence i haven t even mentioned what wa wrong with mine the list is short and simple i really dislike the premise of working for everything i dislike working for something and the feeling of accomplishment is a dull tap and i am wondering wtf i just pulled all my teeth out for nothing is really ever worth it i am not remarkable average or even good anything i have is a replaceable a a wasted battery and that is ok nobody relies on me and that is the best place to be for someone who want out i know i don t need any reason to justify wanted to make a grand exit i think it almost abusive to sedate someone into living gaslight their entire experience for extra hand in the population politics cog too many people are waste of space and have absolutely nothing yet still have convinced themselves that life is better than the great void amp x 00b anyway i finally picked my method of exit kawabonga bitch,1
brahhh quit smoking cigs i dont want to look old plus i cant breath haha,0
is listening to an awesome song but i dnt no the name but i wan na upload it on limewire,0
about three week ago i quit my job of year after believing spending all my time at work wa making me severely depressed day after i quit were the happiest i ve been in a long time but it quickly went away and i got trapped into another very depressed cycle i haven t put any work towards anything in week just moping around all day until i have to go to sleep my biggest problem is that i feel like i m watching my dream die i would love to entertain people like how most people do on youtube etc but i have no talent no skill and a horrible lisp i ve started many project but have stopped all of them really early a i have no motivation to keep doing them anyway the only option i have left in life is to go work another job be unhappy and live the same miserable life or i can kill myself it sound bad but i don t have any problem with suicide my whole life is built on regret and failure with nothing that i can truly be proud of honestly i don t want to go through with this but it feel like the better choice,1
feel like a cramp quite disconcerting,0
angry barista i baked you a cake but i ated it,0
im yellinq at ma mummyy lol she is angry at mee,0
i m 0 about to spend most of my life try to meet s end got out of high school and did one semester of college feel like a burden to those around me i alway felt depressed always putting on a happy mask so i would have to make those around me worry went to the army for month thought it might change the first wa fun and happy but last wa hell felt depressed again got came home a try to start over watch anime which felt like it wa a cure for depression i just wanted to share this,1
vixen not so innocent after all,0
ugh just read on cnn that they found the cantu girl s body in a pond near their home how terrible for her family,0
of everything hating being alive hating myself being bitter and lonely i see it only getting worse i want to just die,1
koschbob jonathanhatami the great depression saw crime spike to it highest point in the u especially in regard to theft when job don t pay enough and cost keep rising people who aren t able to lean on supporter or debt resort to crime in order to make it or fall into homelessness amp squalor,1
i don t know if this is my depression or various other diagnosis i have ptsd anxiety etc but i ve been trying so hard to work on school stuff and i just can t do it i open the article i m supposed to read and i read the first sentence i know what word i m reading just like i know what word i m typing here but the time i get to the next sentence i ve completely forgotten what the previous one said it s become an awful cycle of re reading thing until i eventually give up and spiral into bad coping habit i feel like my brain is melting ha anyone else experienced this i feel awful because i m only i m supposed to be youthful and smart but i m just losing every part of who i used to be i have one job and that is being a student and i can t even do that right,1
it not enough to say that imiss u,0
anytime i m alone i m instantly depressed i can t enjoy tv alone i can t enjoy a walk alone i just hate it alone i just lay here all day in my bed on my phone for hour then go to sleep but i get so sick of my phone how can i be alone,1
suppose i should start revision and stop putting this morning session off tweet soon,0
i hate converting movie just to put em on my itouch,0
i want to be dead ive been suicidal for year im such a fucking retard filled with regret and anger im done with life i want all of this to stop why i cant do one thing right,1
abhian abey lalloo me n dake then went for the pm show cp u cud ve made it chal koi nahi nxt weekend try karenge again,0
hoping the tummy rumble go away soon,0
i had a horrible nightmare last night which affected my sleep now i m really tired,0
artemisiii oh no is it the laundry powder maybe i m allergic to some and since jean are usually so fitted it make it worse,0
khqrightnow i heard them making announcement trying to find them the mother looked so worried,0
good night swetdreamss to everyonee and jared never chat in kyte puff,0
i recently got a weighted blanket to see if it would help with anxiety and it doe but at the same time it make me feel really sad it feel like a giant hug and that reminds me of how lonely i am i rarely receive any sort of physical touch from people whether it be friend or family so whenever i put it on and it feel like i m being hugged i question why i never get hug from actual people and why i m so alone,1
hi reddit i m not sure who else to turn to a i recently had to stop seeing my therapist because i moved state and she is only licensed in my previous state of residence i am looking for a new therapist but i simply can t keep this inside me anymore and i need a place to get it out this year and the last few month of 0 ha been the absolute worst of my entire life i can not believe the amount of negativity loss tragedy and pure bad luck that i ve been experiencing since fall of 0 it s been blow after blow and i can feel myself giving up i m giving up hope i m giving up my optimistic attitude i m giving up my will to continue existing in august of 0 my boyfriend of two year and i began our descent into what eventually led to our breakup in mid december we shared an apartment in oregon and i had to move out in january and move across the country back to my hometown in illinois i wa devastated about the breakup and under immense stress trying to find a moving company to haul my belonging such a long distance i finally found one and it turned out to be a scam they stole all my belonging and i m in the middle of several complaint with them but still have yet to see my thing and i don t think i ever will i lost my boyfriend and my life s worth of item at the same time living back at home ha been difficult a my sister life here and we do not have the best relationship she is severely mentally ill with addiction depression and borderline personality disorder so it s been very hard trying to manage her mood outburst destruction etc she ha attacked me many time said countless hurtful thing and done endless physical damage to the house living with her is very stressful on top of all this my grandpa just died tonight i got a call from my brother out of the blue i can t process this right now and i m at my wit end in the past month i ve lost my boyfriend whom i still love my old apartment and old life in oregon all of my life s worth of belonging and now my grandpa it s almost funny how insanely negative this year ha been i simply can not see myself recovering from all this loss and sadness and i don t know what to do it is just too much and i have no hope or light left i m feeling suicidal,1
i ve only known my boyfriend for month official for he ha briefly opened up about having anxiety all i know is that he ha previously been medicated for it but not currently today after i left his place he messaged to apologise incase he came off odd he wa feeling anxious for no particular reason and that it just happens sometimes i told him not to worry about it now just before i go to sleep i messaged him to see how he wa he seemed fine initially but when i asked he stopping answering so regularly i m not sure if asking him wa the right thing to do i want to make it known that i care and that i m thinking of him but i m not sure if that make it worse i have never known how to help friend with anxiety either since it seems to be so rooted in not being able to talk about it,1
my nap wa interrupted so many time today going out for japanese with the rent again,0
while i do enjoy my job very much it always nicest outside when i m indoors,0
i m not even in highschool about to be but i m not and i wan na fucking kill myself it s all from dumb bullshit me being ugly having a crush on a girl everyone hate so i have to pretend to hate her or i get beat up i don t even want to do this because my brain say that i need to get rid of all emotion when i get sad my brain go don t do that you dont have any good reason to be sad when i m happy my brain go you don t have any reason to be happy i m only allowed to be angry and tired and i m tired so fucking tired i shouldn t be this fucking depressed to the point of wanting to km i m not even in fucking highschool i feel like i m stripping others from attention they need because i convince myself that my depression doesn t matter there s so much going on constantly that i wan na blow my head off not to km but to get rid of all the bullshit going on i don t want to explain all of it but deep down i know i need to i don t wan na tell anyone this because of so many many reason i can t even get into that it s just fucking bullshit i wan na just make a video saying fuck you to my school and i love you to my mom and then km,1
depression is the new cool small thing i m depressed a microscopic glance at what s making them depressed amp you ll realise they re trivial amp le worrisome the people who actually undergo depression barely announce it cause a major xteristic of the syndrome is reclusion,1
yet you just want me alive for your conscious i pray everyday that something put me out and kill me this pain hurt a lot,1
supersport i miss my buddy ill be in ny on the th,0
dg thank you depression and anxiety suck but i m out the other side x,1
in my profile if you want to read it,1
feeling soree bad idea to go running when your sick,0
im lonely keep me company female new york,0
just woke up an already have written some e mail i ve to go early at university today a i have to teach at 0 am,0
beautiful but someone in your gender say she s going into depression because her mom wore her nike shoe without informing her,1
hello everyone new to the sub here i would like to receive your insight about my recent discovery about myself tw self h so i used to do this when i wa and it mostly because i have severe anxiety and i need a coping mechanism ive stopped and have been cleaned for year since today i had a fight with my entire family about not respecting my boundary and not coming into my room when im literally shirtless and they make fun of me for being too serious about it theyre good people and have never touched me inappropriately so i too wa puzzled about my sudden anxiety attack so i locked myself in a room sobbing to no one and i felt so much pain and i just want the rush to come but then i saw a resistance band and literally did a thousand bicep curl and u know how it burn when someone exercise the first time i couldnt feel my hand i guess the endorphin made me feel so much better i forgot about wanting to do that bad thing i feel so much better and i wanted to know if i could do a thousand bicep curl at the risk of injuring my hand to avoid doing what i used to do,1
andy cyrus im still awake too lol cant sleep glad your up tho,0
lizchavez i can t set my foot on the ground the missing eyelid people might get me,0
jdpeterson hope you feel better why cali,0
swati yeah i havnt got any crad unlimited to text call either suck will catch up with you today sometime xxxxx,0
bed class work gym or then class 0 another day that s gon na fly by i miss my girlfriend,0
about to start the epic drive from glasgow to alton tower look like a rainy few day,0
i always issue and now they are catching up with me my blood pressure is dangerously high most day i m dizzy and disoriented worst of all i m tired the last one wa here for a long time but it got to the point where i no longer have the energy to do anything no matter how hard i try to push it i wa passively suicidal for a long time i didn t have the courage to actually kill myself but i wouldn t look both way when i crossed the street i drank and smoked did stuff that i knew wa dangerous and now it seems it worked and now i m scared i don t care about myself but i have man who love me i have a month old little brother and i m terrified what how they would feel if i died but my condition is getting worse and i can t bring myself to do anything about it,1
im still in school and i get bullied i dont have friend and i get beatun up almost every day and i get sick a lot like fainting alot and im just sick of it so here i am asking for help so will someone please just help me,1
recently i just keeping feeling the void in my body and mind it s burning myself slowly i no longer have desire to anything or anyone like life itself ha lost it meaning to me i m angry a well been trying really hard to hide my emotion so i can continue my daily life a a person i m not cry for help but my situation is worse than i described i m thinking of ending thing hope that can make ppl happy thanks for reading my petty litter word have a good day folk,1
i m not financially stable enough right now to afford a therapist but my anxiety is really bad and since i m going into university soon i need to get over it really soon can i just do exposure therapy by myself like throw myself out there and just hope for the best and possibly have multiple panic attack,1
like i can t even focus on anything my mind is always racing overthinking and obsessing this is especially annoying right now because i have my final exam coming up real soon and i need to work but i can t concentrate i hate the way i act around people i am so awkward i don t even speak just awkwardly nod whenever someone talk to me and whenever i do talk some dumb shit come out of my mouth it seems like i have started to isolate myself more and more from people and i am always moody people have started to catch on saying that i always look sad tired among other not very nice thing whenever someone asks me if i am okay i just lie and say yes nod my head awkwardly or make up some excuse i wish i could tell someone about my problem in depth but really i don t know what i would say and honestly no one would actually care and i don t blame them everyone ha their own shit going on and i don t want to bother anyone with my problem my own mother ha started to catch on to my moodiness and she ha started to yell at me and everything cause of the way i am acting i don t even think i am doing anything wrong i m just not talking and i want to be left alone i wish i could tell her but again i don t know what i would say i don t know how she would take it and i don t want to stress her out anxiety really suck i hate using these thing a an excuse cause i just want to get on with my life like everyone else,1
cant sleep once again i need to cuddle,0
kalau mau ikut logik sndri susah ba tu mau kontrol postpartum punya emosi tp syukur c husband sangat mbantu dalam mengubati amp melayan sy kalau dia kasi biar sy sndri tu konfom sy tewas suda sama postpartum emotion depression,1
robcthegeek once upon a time hundred island wa the pride of philippine tourism but coral clam rare fish poaching did it in kinda sad,0
i want to get help so bad i don t want to keep with the if all else fails i can always end my l fe mindset i m just scared because even if i do seek out treatment and for once i find a therapist psychiatrist who actually work for me i m not sure it s going the solve enough to make me want to keep fighting for this life there are so many issue right now so many thing i ve fucked up considerably even if i get to a place mentally where i feel like i can tackle them there s no guaranteeing i can actual change my situation i just wish i didn t have to wake up and continue to make my life worse i m a pathetic person i disgust and humiliate myself i m not meant to be in this world i m not meant to succeed in it im not meant to be anything or anyone other than this miserable lazy poor excuse for a law student i hate the person who look back at me in the mirror more than anything i just wish id never had to know myself,1
bradiewebbstack sway sway tour in julyyyyy exitedd muchh follow me pleaseeee i need more followers,0
i have somatization disorder which essentially is whenever i try to do something that may cause me anxiety i end up making myself physically ill i cause myself physical symptom unconsciously doe anyone else deal with this i am not able to leave my house most of the time which ha caused a strain on friendship and school,1
gabrielmansour multiple book at a time although i have a bad habit of not finishing book,0
melaniengzuer haha nah no more i go back twice a month the bus ticket too expensive already,0
i feel like i have always had anxiety ocd but it ha never really negatively effected my life like it doe now it feel like it is really getting in the way of my daily life being that i made it year without it having huge effect doe that mean that it can go away or will this just be my life now amp x 00b any thought that people have from experience,1
my plan wa to be dead by the end of march i couldn t muster the courage to put the bag over my head and turn the valve so i m just stuck here now left sitting here by myself with all my friend cutoff no car no job no hope not gon na be able to cover my bill this month i m a fucking waste please someone come over here and blow my brain out,1
wo ist die studie eigentlich ver ffentlicht oder machen wir ffentliche diskussion jetzt einfach ohne faktenbasis tipp f r alle die auch schlechte studien machen wollen einfach die spezifischen longcovid symptome nicht testen kipptisch usw daf r depression nicht abgrenzen,1
curious to see what people think here s my question can dissociation also be described a separating yourself from thing event happening in your life for example if something happens that overwhelms me or make me really anxious a lot of time i simply forget it i ll be going along with my day a normal but feel that something is off so i ll have to sit for a moment and think why do i feel sad anxious etc and after a minute of thinking back it click oh right i have to give a presentation on thursday is this a form of dissociation it ha always happened to me and if i describe it to someone they usually don t understand it i e if i m anxious i can t stop thinking about whatever it s about let alone forget it i told my therapist about it one session and she thought it wa fascinating she said that anxiety is stored in the body too so that s why i can feel the negative feeling even if i forget why it s there just curious i m not seeing that therapist anymore or else i d ask her,1
katestar oh yes extremely fun when whoever you talk to actually doesn t want to talk to you i m so lonely,0
the back road a tweet on depression in le than 0 character http t co hi oucfa m,1
hi everyone this all started back in college i wa doing lot of drug molly cocaine acid molly and wa doing badly at uni after my dad put the fear of god into me i started taking school a lot more seriously and drastically slowed down my drug intake not long after i started developing horrible physical anxiety at night i would get into bed feel fine but just couldn t flip the switch to fall asleep i would lay there for an hour or so and then my heart would start to race shortness of breath then all of a sudden i would have an intense chest burning sensation that would last hour i felt dead in the morning but by 9am or 0am i would get a surge in energy i wa jacked up and sweating a lot i would do well in school because my mind wa going a 00 mph but after several week of this i started feeling exhausted and would even hallucinate during the day i could only do school work at night i wa too brain dead to pay attention in class this went on for a couple of year before i went to the doctor and wa prescribed lexapro generic the first few week were really bad but then i felt amazing however i had bad sexual side affect and it changed my personality i felt dead inside after three year on this i went on to venlafaxine it gave me a stupid amount of energy sweated profusely and peed a often a before i lasted one year on this then i switched over to zoloft generic i started on 0mg but i felt brain dead and again had sexual side affect so i lowered the dose to mg the sexual side affect decreased but it still wasn t great i also still felt a little out of it so i lowered it to mg during covid lockdown i wa working from home all of the time i didn t have a bad time falling asleep on this but i didn t feel good the next day either tired brain fog easily irritable but it wa better than physical anxiety at midnight when we were told we had to go back into the office the anxiety at night came back not horrible physical anxiety but more like normal anxiety and insomnia i lasted a few month on this and just couldn t take it anymore so i started smoking weed unfortunately i have always been super sensitive to weed i would get euphoria from one or two hit this helped me sleep but i wa still tired and irritable the next day a i continued smoking i would need more and more to get that euphoric feeling to put me to sleep then thing turned south quickly i wa becoming very irritable and would lash out at family and coworkers nearly everyday i would calm down then apologize after a few week of this my dad said i needed to see my doctor i wa put on wellbutrin and had the worst day of my life i totally lost it extreme mood swing nerve pain and claustrophobia i got off that and am recovering this week from it i took benadryl sunday night and monday night to sleep last night i took nothing and had the worst physical anxiety since college i did the right thing though i turned off the tv early and did some meditation and felt good going to bed but just like in college i had radiating anxiety two hour in i slept maybe hour and woke up jacked sweating a bunch and mind racing i don t know if i need different medication or therapy or both ha anyone dealt with what i m experiencing did a certain type of medication help did you need therapy too thanks for sharing,1
photoshop i hate it when you crash,0
befoot sport aubameyang en d pression,1
it s going to be a loooooooooooooooooooooooooooooooonnnnnnngggggggg night at work,0
sad to hear about the discovery of the little girl from tracy her poor family,0
micro dose shroom capsule for depression anxiety and ptsd http t co vg rkqppt,1
jacobsummers sorry tell them mea culpa from me and that i really am sorry,0
i m dealing with debt wasted year of my university getting awful grade i disappoint my family left and right i have no confidence in myself and i hate my body i wa low key molested by my best friend when he wa drunk my childhood dog had to be put down after i took care of her for month prior and i feel like it my fault tht i could ve done something better or idk i find solace in anime but even that is starting feel dull i thought i knew what i wanted to do with my life and career but i m so lost i dont know what to do and at this point i feel like ive ruined my life beyond repair i know im and most people just say that im young and i just have too dust everything off and it ll be fine but it not it never is and ive been in this loop of depression since i wa i think about taking my life and then think about how selfish it is to my friend family and little sister i can t do that to her and yet i still think about i i m so lost,1
heidimontag lol i kant believe cam got beat upp sooo embarasssiiiin,0
really don t feel like getting up today but got to study to for tomorrow practical exam,0
i genuinely wish i could say fuck this i m out there s so many responsibility and yet so little life in me to carry all those thing i just hurt someone i love accidentally of course because i wa trying to hurt my self and that s so fucking depressing and embarrassing for god sake i m almost and still acting like a bratty teenager my body hurt my heart hurt can someone please just kill me already,1
robparsons too difficult who are these people no doubt the one who only ever see african a starving and helpless grrrrrr,0
i m terrified i ve given it to her and i m also terrified about being stuck in isolation in my room my anxiety is through the roof i stupidly started reading about all the horrible symptom of covid and it s making me feel so freaked out i really don t know what to do i feel like my anxiety is going to get so much worse being stuck in my room,1
i totally forgot we were going to do fisheye night what u doing thursday btw i m so late with the hill lol,0
nach jahren die ich mit einem narzissten einem mann dem alles egal war und jemandem mit depression verbracht habe wird mir immer klarer da ich absolut keine vorstellung davon habe wie eine sichere vertrauens und liebevolle beziehung eigentlich aussehen sollte,1
champagnemanoir all rain today garden really need it so not quite so bad,0
sarahreedsc treaty isn t defined,0
i miss my friend from elementary and middle school,0
eileenb i had that a while back http tinyurl com dmukpr and i know some other people that have too,0
every single day at school during my rd period i get very nervous for my th period and my stomach start to ache badly it s like there are gas in my stomach and i get very gassy i think i get nervous because i start thinking about this girl i m very intimidated by but i wouldn t think that it would make me this anxious and then in my rd period i have to go to the washroom to do number two and it s usually diarrhea and that happens every single day in rd period no matter what i do to try to calm myself nothing seems to work i tried breathing pattern but i just get nervous again maybe it s because i eat lunch before rd period but it s every single day that my stomach is aching is it normal to feel this way i don t know if i should do something about it,1
i just have random racing thought about the past song etc mostly it s just a constant ear worm it s a bit annoying but i can deal with it but a lot of thought about the past have made me cry due to the nostalgia aspect of it not sure if this is anxiety or something else,1
need a ride to work im not liking the pospect of the bus,0
listen to jonas brother i love this band but i come from germany and i can t see them,0
i m so open about my experience with postnatal depression because i don t want any new mum frantically googling why don t i love my baby amp what s wrong with me like i did postnatal depression is so common ranging in severity regardless you re not alone,1
cough cough cough that s all i seem to do right now,0
i just need someone to talk to or distraction and sympathy,1
i ve been super depressed this year sure but i don t think it s gon na come yet i remember when i wa young when robin williams killed himself it really shook me because like i understood like my response wasn t being sad necessarily it wa well i get it it s weird i don t know i almost don t even feel emotional saying this one time a couple week ago i wa smoking weed and my heart kind of skipped a beat in a weird way and i thought good i wa like this would be an easy way to solve everything like it would be a relief to die then and there people don t think that right that s weird that i thought that why don t i fantasize about good thing anymore why don t i have oscar acceptance speech in my mirror why don t i think about my dream girl all i ever think about is how hard it ll be to get where i want to be and how i ll probably be when i meet the loml and i ll have no time to do anything fun with her anyway all i ever imagine is the bad stuff i think if you told me that there wa some kind of afterlife that some religion wa right i d do a little research to know what to expect and then probably jump out a window it just make sense right like what am i living for here yeah yeah i have friend and family that love me cool but is that really what s keeping me here guilt that s not a great reason for living and then it just get me it s like am i gon na work for another decade before i can get to a place i wan na be am i gon na be going on 0 by the time i m actually feeling progress in the meantime what the heck happens am i just sad and hurt all the time not worth it i wish i could just learn what my fate wa going to be so i could make an informed decision on whether i should be alive or not i don t know i m not gon na do anything now but like i feel like this isn t normal to think about,1
hello world i dont like to do physic,0
might have to go to hospital for my foot for an x ray have to wait for the doctor to call me back to confirm i hate hospital,0
i just did the sweetest ol boy he wa and telling me about when he wa in the war,0
i choosed depression out of my own choice i wonder if others are like this or most are just victim of life please answer your response,1
camarade menthe profite bg on a peu de r pit entre et 0 si on saute la case calvasse j ai vit de la mettre d ailleurs pour viter le vagues de d pression l approche du w end,1
i wasn t in a relationship but there wa this girl who i wa heavily attracted to for whatever reason nothing worked out well i ve tried throwing the kitchen sink at it for quite some time now but i ll never get any closure because she s hardly active on any social medium after much deliberation i actually realized that i still do have the same feeling for her now a i did back then but i can t do shit about it i ve started to accept that my pain probably won t ever go away unless my life doe and i ve been having an intention to act on that,1
in the university in the classroom on the computer shit my day is boring,0
i ve been on this for week and still barely have an appetite i even got nauseous going to the grocery store today is this normal ha anyone else experienced this it s been great for my mood and communication but it mess with my diet i don t even want to consume food really keep in mind though i did used to emotionally eat,1
i accidentally put sugar in my food instead of salt so now i m eating sweet fried rice my clumsiness astounds me sometimes,0
i ve been on medication prescribed by my primary care doctor my therapist noticed my depression anxiety remaining pretty high and told me to talk to my doctor about it my doctor increased my dosage but also want me to see a psychiatrist who can better analyze my issue he didn t give me a referral and said i can see anyone you want preferably someone that take my insurance he did give a list of a few psychiatrist though i have been looking through my insurance s website for a psychiatrist i have also just been searching online but i don t know which one to select what criterion should i look out for are online review reliable any advice would be appreciated,1
i just don t want to live with out my wife it s been nearly six month since she left tomorrow morning i want to go jump,1
mizzzidc why post it online backing your stupid act with kicking back to depression trying to play emotional game to win pity from people you ll commit suicide because of shoe lol i m sorry for you dear keep up the energy,1
awake why can t i sleep got to work am hour,0
donniewahlberg i hope i can make it to the auburn show but it not looking good for me,0
infinitydefines omgawd i couldnt handle my cat being in heat all the time d d,0
ddlovato do you hate u please don t,0
qweendassah no he s still miss n,0
tl dr have been abused mentally and physically by both parent throughout my childhood and even now at year old very depressed and have suicidal thought failing school and have poor social life afraid to fight back because it will end up in conflict someone getting hurt and me getting kicked out of the house for the millionth time i still care about my parent for some reason and love them i dont know why and am hesitant to go to authority i have nobody to move in with not much money no car what do i do am i a coward i am currently in my second semester of community college i have lived through physical and verbal abuse throughout my entire childhood asian family beaten the crap out of every other day by drunk father my mother is mentally unstable and controlling and also hit and insult me don t want to get into specific because it would be lengthy and there too much but let just say the worst thing my father ha done to me wa crack my head against a table and i had to go to the er to get staple lied and said i knocked my head into the table by accident my mother burned me with a hair iron when i wa around ten and she say stuff like i am worthless should have never been born etc daily i am not a bad son very respectful my parent just have a lot of issue that stem from being abused from their parent too and are very controlling for much of my life i thought this treatment wa normal for example my mother would start hitting me if i didn t address her a mom when talking to her when she felt moody stuff like that not warranted last semester i took difficult stem class to be an engineer and on the morning of my calculus final my drunk father punched me in the mouth and i bled because i did not wake my brother up for school when he overslept i failed the final after that i told them i wanted to join the marine because i wa sick of home they apologized and promised to change they still talk shit to me but haven t hit me until last week my mother socked me in the back of the head for leaving the light on in the staircase of the house i felt betrayed since this is the first time they hit me in three month and i thought they really did change i screamed dont touch me and glared at her fist clenched and got wrestled to the floor and swung at by my father then kicked out of the house only allowed back in the house yesterday after sleeping on a park bench the whole weekend and eating fast food they called me and told me to come home they apologized but i know they didn t mean it just like every other time i am hesitant to fight back against my parent because apart of me still love them and who they are when they aren t angry i also know if i yell back or hit back never hit them before i would get kicked out of the house so i just take it i want to separate from them but i have nobody i could move in with and my depression affected my social life throughout my childhood with few friend that are all dorming at uni across state other extended family believe i m a bad kid because my parent twist the story around and make it look like i m the bad guy not close with any of them i have no car all the money i got from financial aid and scholarship my parent made me pay off their property tax the only thing i look forward to in life anymore is when i talk to a girl i like in one of my class never told her about my situation everyone i have opened up to this about tell me that i m being a pussy and should fight back but that would get me nowhere but back on the street or possibly hurt and injured and i don t want to hurt my parent what do i do am i a coward i just feel like life is not worth living anymore and i have lost all interest in school and my career,1
i m in college and i get so much anxiety from doing even the most basic rebellious thing before people mention it yes i know i can always leave the situation but i genuinely do want to experiment and try new thing out i d hate for my college day to go to waste i m going to an event this weekend and i m literally so anxious because they re talking about doing some very very minorly rebellious thing there thing that 0 of people do in college but im still so anxious ok im probably just being repetitive so i ll stop but any input is appreciated,1
mark mulligan exactly that wa the core of my concept for virgin just a shame the money ran out before we could realise it,0
duskyazure least u got lie in i ve bn up way long mr woke up at am this morning amp dragd me out of slumberlnd the same time,0
everything and everyday is a struggle because i don t feel like nothing make sense i wake up on my way to work i just keep thinking why why eating why working why having a hobbie why do you guy feel it too and how to deal with that,1
strider is a sick little puppy http apps facebook com dogbook profile view,0
vip guest today quot blohheeee i hate it,0
julieebaby awe i love you too am here i miss you,0
arse totally forgot about a webinar that i wanted to attend this morning now i ll never know how to secure virtualised environment,0
studying commerce how am i suppose to remember so much,0
i hate the fact that i m genuinely excited about my last tweet,0
home with the flu ahhh suxz well and tired will go to sleep in about an hour or so goodnites,0
stupid movie we watched mirror ugggggh stooopeeed rip off,0
if it werent for him i would have been dead by now i cant imagine how horrible he would feel if i did it now im just in an eternal state of depression and cant do anything about it i both love him and hate him for it mostly love but god damn i feel trapped,1
entered a online poker tournement against 9 others finished th,0
people go into depression due to these reason in relationship http t co 9 usxvnja,1
paul pogba s est confi sport team sur sa d pression manchester united on est jug tous le trois jours on doit tre bon tout le temp alors qu on a de soucis comme tout le monde que ce soit avec no partenaires notre coach dans la vie de tous le jours http t co y qbcrfky,1
today i realized i am too good at hiding thing even i can t find it,0
i ve been diagnosed with major depressive disorder about two year ago and wa put on medication felt better and the med were tapered off i however feel it returning and most day seem like shit i can wake up and do normal work like i do however there s a constant feeling of sadness that s overwhelming and i worry about a lot of thing around me i worry that i wa a horrid person to my parent and the people around me doe it ever go away i don t want to be dependent on medication for the rest of my life,1
i m have been feeling down lately and my mum brought up something today that really made me feel worse i want to disclaim that i do not at all blame my mother for this she wa bringing up a fair and valid point that i had been trying to ignore i am extremely lucky and go to a quite fancy school but my mother constantly feel the need to bring up that i m wasting all of the excellent opportunity there while this is true it suddenly hit me that she wa right and that i felt like i wa not only wasting school opportunity but my own life my sister also ha mental health issue and is seeing a psychologist and i feel like i need a similar set up however i feel awful about telling my mum that she will have to send her other kid to therapy a well is there any way to see a therapist by myself online or something,1
should i ask my parent for a therapy session i m scared to ask my parent for therapy and i come seeking opinion on what i should do i m y o and these feeling have been killing me i m sure change in hormone have a part in this but i have been dealing with feeling of poor self worth since i wa i begin slightly shaking clinging and breathing heavily with excessive worry and fear almost daily now but i m worried my parent will say average teenage feeling and leave it at that i also don t want to waste money on something that might be just a phase and so i m asking for thought on this matter now for a little backstory my writing may be a little messy so i apologize in advance thinking back i ve had symptom of anxiety for a while now i wa yelled at a lot a a child for very trivial matter and still to this day ill get hour long lecture for thing that arent that big of a deal after a specific scolding when i wa around i believe that kickstarted thing i started playing what i saw and heard in my mind over and over again until i got night terror for some reason i can still recall this moment and it still scare me i became afraid of a certain speed like m p h a strange thing to be afraid of i know don t know if this is just some sort of trauma type thing or what but it wa always weird to me i start sweating and shaking whenever i think about anything with that specific speed and i don t know what that mean anyways fast forward to early 0 9 and my grandma passed away she wa the only one i truly felt attached to and trusted i have trust issue don t know why so her passing hit me hard a year later when covid started my dad cheated with my best friend s mom ending in a lot of self confidence issue and when my trust issue began showing my parent are still together they just argued and eventually got it worked out since i don t want everything to go downhill again i just bottled up everything and hid what i felt now to the present day this is why i find it so difficult to ask for a therapist i m afraid that my parent will just brush it off or be disappointed and think they did something wrong this hopefully doesn t give the wrong idea about my parent i believe they tried their best and to be honest didn t do a horrible job there were still good time i remember and they ve done a lot for me unfortunately i can t truly say i love you back without my parent telling me and that hurt i know people have it much worse than me and that s another reason that s holding me back from asking either way i m still heavily considering therapy and why i m asking you is it just a phase will i benefit from a professional am i being petty and should just deal with it i m not looking for a diagnosis but would love some thought on the matter and will try my best to answer any question if any thanks p s i hope this wasn t too long i tried to cram a much information a possible without it being accessive apology for any grammar mistake,1
my parent expect 90 and above and i failed after answering the paper i told them it wa easy even though it wasn t a i dint want a scolding then now it worse and they expect good mark i got above 0 0 only in subject out of 0 idk what to do anymore,1
i know it seems contradictory but hear me out when my anxiety start acting up i seclude myself then that lead to feeling of depression and hopelessness that my anxiety will never get better and that i ll be a hermit forever anyone else feel that way,1
my throat is still really sore i wa meant to be going on a day camp from friday but not so sure now,0
my heart my gloom your depression feel like the calm drift of smoke above the rage and fire of battle your extrapolation badmouths like salt i love you like a drifting sycamore seed,1
i feel like a complete idiot i m the only one who doesn t get how this shit work help me,0
sigh i think my pm is making my mind totally over analyse thing and making me sad,0
ladybug damn i missed out why didn t you invite me,0
i m trying to take a sick mental health day but it s not working i m so paranoid i won t get to graduate eighth grade for having absence yeah our school give u 9 per semester but i m scared and yeah my principle ha been pretty lenient and let people with f s pas i have good grade but i always think everything is going to turn out horribly for me no matter what i do i feel so useless my friend don t seem like they even like me i m pretty much down to one friend that actually like me and it s an older girl i met online and that s pretty much it i want to die everyone and everything end up hurting me,1
so dissappointed right now guess it not meant to be,0
icedcoffee they end up back a read only and still the error persists i cant add anything to the library now so cant update my,0
just weird and pretty sure i m sane lol,1
today all good is dead i feel a little funny,1
there is nothing more suffocating than the feeling that youre gon na live your life alone it take a lot of strength to not fall apart specially if you already tasted what is like to share your life with someone and knowing that youre gon na be all on your own by the rest of the path i ve spent the last year dreaming abour growing old with someone i consider to be a gift from the heaven only for that dream to be shattered a week ago it s been more than 0 day and im still stuck in despair i cant even sleep in my bed without thinking of him i refuse to find somsomeone else because whats the point in trying to top perfection only to poorly fill the whole your ex left and get your already pulverized heart shattered once more i ve lost my passion to live i ve been carrying anxiety and panic attack for a few year i wa already barely holding it together but this i just the last straw i dont even have a shoulder to cry on anymore what s the point,1
ordered a pita it nevr came why they say the fax machine broke and the driver left what about my empty belly,0
omkar kurode you won coz i created quot avenue quot for you and yeah i made the mistake of choosing tango over zone,0
good morning can t believe this is my last week in london but i will be back in the marketingworld of london for sure,0
watching quot a league of their own quot make me miss mint chocolate ice cream cone and my grand ma fuck,0
