comment_text,toxic
XM: Thank you for a very honest comment.  It seems you're perfectly fine with Trump's nastiness since you feel it will be directed toward others and not toward you.  That's really very scary.  You might want to study the history of pre-WWII Germany.,0
good observation - the dogs may be better educated as well...,0
I honestly cannot decide if these guys are complete morons or the most patriotic hero's this country has seen in a long time.,1
"Hope you have a nice concert, watching Justin Bieber......",0
"Great story. 
Franke tried to expose corruption and ends up murdered. 
Problematic interrogation tactics by OSP. 

Can't wait for more info on this case and final proof of the real murderer, if this man is not responsible.

Reinterview Franke's brother. He used to comment on WW now and then.",1
Resistance is futile; the decision has been made by the City Manager.,0
"Finally someone is speaking up against the rich and powerful Ainsworth Spanish Immersion (ASI) syndicate.

These ASI people are the biggest hypocrites. 

The fact is that ASI has the fewest minorities and poor families of all the Spanish immersion programs in Portland, by far. The ASI Spanish speakers are mostly rich white Hispanic families, who are now claiming to be part of the historically underserved population. This is an abomination. ASI has become a place for rich white kids to learn Spanish while also using public funding. 

ASI have orchestrated a campaign to show how they are being ""segregated"". They've brought in ringers, had people put on fake accents, every disingenuous argument that they could come up with, all so that the program does not have to move to another building less than 3 miles away.
Moving the program would open it up to more poor families of color, but ASI  would rather abandon the program than allow this.

That is the real injustice here. 

Somos egoistas.",1
"Have you noticed that this is a letter to the editor and not a news or opinion article researched and written by a R-G reporter?  If not, re-evaluate your comments after reading it.  And your 'belief' that the letter writer is lying without proof or even a reasonable suspicion being given by you means your opinion is biased and should be ignored.",0
It kinda irks me that he is using straight privilege to attend a church he claims to disagree with. I doubt my partner and I could similarly attend this church.,0
"""Our legislators need to put Knight and our scamming legislators in their place.""
I think ""their place"" is presently full of Malheur occupiers and the Bundy clan.",0
It's his thing. He wants to be cool and different. At like 35. Kinda sad really. If he really is angry about it that is. And of course by sad I mean pathetic,1
"Pure, unfounded ignorance.  A disgrace to your profession, if you are a journalist like you say.  Shame on you.  Springsteen does nothing self indulgently - he does it for his FANS.  You're the self indulgent one in this story.",1
"Read this amazing book in the 1980s and used it for an undergraduate thesis on why we should all be eating less meat. If not for animals or your health, for the love of the land.",0
"The slurs against Hillary should be stopped---- it's time to confront them at every appearance. We all have seen that to ignore them as too ridiculous isn't effective, i.e. Saddam had WMDs, Saddam caused 9/11, Obama is a Muslim, etc.",1
"Boozer, dementia knows no politic. Your use of this insidious disease to trash talk liberals is disgusting and void of any consideration of polite society. Shame, shame, shame.",1
"Nice job, WW, posting unofficial heresay poached from a personal FB page as news. Slimy.",1
"So because LE tactics are ""extreme"" in your words, they are responsible for their own death? That is the most ignorant comment I have ever heard. LE personnel don't know what they get into day in and day out.  They don't know whether or not the girl who is trying to report her husband beat her up is waiting behind the door to shoot the officer in an ambush. What about the transient that he or she gives money too instead of taking them to jail?  Why don't you go spend a shift in a patrol car with an officer and see what he actually does on a daily basis? Instead you sit behind your computer and criticize their ""tactics.""",1
"Liberal dementia strikes again! What I find hysterical comedy is how Bernie Sanders has gone on the Thom Hartmann program every Friday for years, and those 2 political clowns often praised the brilliance of Paul Krugman...the same Krugman who has attacked sanders time and time again as an economic fool. Now, while the democrats are fiercely split, and the dem hierarchy is trying to take down Sanders to install team Billary, professionals at shaking down Wall Street for $$$...this political clown wants to talk about the GOP. Paul Krugman, the master economist (sic) has never risked his own money running a business and is clueless what it takes to make payroll. The only thing this political clown as ever ran is his mouth, and frankly be sucks at that too.",1
"Funny how the feds have made it so hard to even open a bank account.  I don't think they really achieve their objectives of eliminating money laundering or whatever.  Folks can find ways around just about everything.  Like the sudafed thing.  great cold medicine which now costs a fortune because of the need to pay a doctor for a prescription, but from reading the news it seems as if meth use hasn't decreased significantly.",0
Sounds like movement in a good direction.  It is hard to understand why regulation of data mining was not put into place long ago.,0
I thought it was the influx of Californians in the 80's and 90's that caused the increase in real estate prices......,0
"""Many of us on the right are tired of being called racist, homophobes, and other derogatory names just because we do not support the latest leftist cause.""

Nope, many people on the right are labeled for what they SAY and DO, not because of the ""latest leftist cause"". Trump is an avowed racist...that is a fact. Why support racism?",0
"Actually, yes.  There are tons of very walkable neighborhoods in LA, including Hollywood, Los Feliz, Downtown (which has completely transformed in the past 5-10 years), etc.  You can't walk across the entire city given how geographically big it is, but it is certainly possible to live in LA and get by just fine without owning a car.  LA even has a pretty decent subway system, which most people don't even know about.",0
"I disagree with your comment.  What is the problem with waiting for a finished product to be showcased?  This only means a delay in voting in 2016 to the fall of 2017.  Roosevelt campus for the most part should be complete and ready for classes in Sept. 2017.  Franklin is also on the same time schedule.  
In this era of instant gratification what is wrong with waiting one more year?  Is the district hiding something?  Has anyone asked if these buildings will withstand  the ""Big ONE""?  We were sold a bill of goods based on our children surviving just such an event. 
PPS have some restraint and show us what we will have invested for a $$$$ billion+ dollars.",0
Payne probably thought the others would do the same. Bundy is a hypocrite. He says he respects the Judge and the courts but says otherwise before he was arrested.,1
"It's ridiculous that these guys are being called ""protesters"". Being armed is a threat of violence, which makes them terrorists.",1
You're an idiot.,1
"I think your comment is very thoughtful. (Seriously, it made me laugh. I laugh with everything. Even so.)",0
"All this attention on Bullseye, god forbid someone tests moss from North Portland or St. Johns. Siltronic uses all sorts of toxic chemicals",0
that's first cavalry division (AIRMOBILE),0
"I totally agree that personal finance classes should be required. But I think we still need to teach respect for human dignity. Losing political correctness does not mean it is OK for a presidential candidate to question the penis size of his opponent or for that opponent to say ""I like to punch him"" to a protester.  Imagine what teaching high school government is like today. You cant' even show the actions of those running. 
In this country you can have your beer, your finger, your cuss words, your gun and your vote. In what country does it get any better than that?",1
"Yes, those who rejoice in death are mentally ill.  It is unfortunate that we have so many in America.",1
"I never said the cat was on his property, but if it was, and he caught it there....dum da da dum dum duuuum.....

Bonus: 
1. No pet owner would witness the demise of their pet due to their own ignorance or inconsiderate behavior.
2. No waste of police resources on a response.
3. No waste of taxpayer resources on court or incarceration.",0
"Another woman in an abusive relationship with a controlling, manipulating, isolating abuser ending in tragedy.
RIP Rachel.",1
Silat you are a moron,1
"Interesting you of all people accuse others of trolling when in fact thats exactly what YOU did and you suffered the consequences of it. Your wide array of diversionary tactics such as focusing on arbitrary details while avoiding personal accountability for your actions are unsustainable. A trial includes both criminal and civil proceedings and any attorney, reference book or attorney will tell you that. If you , the self appointed troll of the ""rapists"" find it your job to tell everyone the truth about your truth the way you see it, then there should be no problem with me being a appointed watchdog for those like yourself who attempt to re-define what is real. You messed up...no fancy, manipulative speech is going to change that. The less straightforward you are, the deeper hole you dig. You're transparent. There are better ways of getting laid  like being a man accountable for his actions. Not by being a whiny socialist with unresolved mother issues avoiding responsibility.",1
I'm all for anything that makes it harder to obtain and keep a driver license.,0
"The comment about enslaving white people was rhetorical and affirmative action is not discrimination but reparation--payment for a debt. 
The white power structure consists of a bunch of super rich deadbeat racist thieves and murderers. Save your pop psychology billhooper, the dispossessed  know how to make themselves ""feel better.""",1
"While I noticed his fairly late arrival, I missed that allegation.  I just figured he was vacationing on his private island in the Caribbean.",0
"Okay, you can vote to control the tobacco purchase age. Could you elected folks please do something about all the illegal substances available in Lane County to all age groups????? Our beautiful county is looking bad these days. Terrible roads, homeless people, panhandlers in every city, polluted lakes, trash along the highways. More affordable trash services. Maybe extend the plastic bag ban to all of the county, not just the Eugene area.",0
"This is an outrageous act of asinine stupidity. Warning people of dangerous sociopaths is suddenly punishable because the sociopath might feel ""emotional distress?"" What the hell?! Thousands of police departments in the USA publish the same type of information on their official web sites! It's a public service to everyone, including potential victims. Phil Hutchinson deserves praise, not punishment. Argh! Ahhh! Eeeeeh! IRATE!",1
"I just - I just can't tell if you're serious. It's baffling. I'm baffled.

So, Martin, are you telling us you invoked your grandfather as a virtue signal of your own working-class credibility, despite never having met him? How impossibly disrespectful of you. I'm glad your grandfather has passed; it spares him the heart-stabbing shame of an ungrateful, pedantic little snot of a grandson who would seek to ride his coveralls into righteousness. He deserves better than someone like you.

The simple line in Atlantic City- 

 put on your stockings, babe / night's getting cold 

has more weight as art than anything a weak-tea punk like you could create in a million lifetimes. I was deeply moved by that single, almost whispered line when I bought the album at the age of 22, in the year 2000. Did you know he recorded that record alone, on a 4-track? Do you even know what a 4-track is? He covered Suicide on that record, in 1982. 

Do you even know who Suicide is, you smarmy little creep?",1
"Bernie isn't a democrat, he is a socialist running on the democrat ticket. Even so he is a hell of lot better then the pathological liar Hillary. Seeing how Hillary is leading Bernie speaks volumes as just how morally and mentally bankrupt democrats truly are to even support such a low life as Hillary.",1
"These are terrorists.  They  are not people like me.  They are not Oregonians, but invaders from Arizona, Utah, Idaho, Nevada, Ohio, Tennesee, Alabama, and more.  They are used to being chased by the law in their own jurisdictions, not used to being the law.  They are criminals.",1
"Anything to add other than your own racial hangups? 

White guilt goes fine with Sunday brunch, the ability to pay your bills, but it doesn't make a comedian any funnier.",0
"Just a hunch. The city usually approves zoning changes, or is willing to move the MUPTE boundary for developers. It's not a real cliff-hanger.",0
"""You’ll also be able to retain your Disqus user name under the new Civil platform.""
Actually no you cannot. 
I even tried several variations of my disqus user name.
So you can signup, you just can't use your own name.",0
Not to worry.  The current First Lady has almost 20 staff.  Bill will have interns to help him meet his duties as First Gentleman.,0
I agree!,0
"I think that here we have a very good example of some of the current problems that in the larger picture, have put us in the state we are in: People are more willing to believe a lie they like than the truth they don't.
Let's avoid the Rice and Powell defense as another issue. The simple question is: Did Bowers make an accurate statement that Clinton is a criminal? 
Many people believe she has committed a crime. The web is replete with such accusations. The sheer quantity and quality of  of accusations would lead some to believe she is guilty, and thus a criminal.  This overwhelms the criteria that one is innocent until proven guilty which is basic to our legal system. 
Now Bowers may have an opinion that Clinton is a criminal but to him it is a fact. He has convicted Clinton, as have others.
Now that opinions are facts and criminals are convicted by accusations,  discourse turns to who can yell lies the loudest. People might not trust the legal system, but it's what keeps us civil.",0
This guy is incredibly dumb. He's going to be eaten alive in Los Angeles.,1
what are supposed to see in the pic?  the behind of a guy in a suit?  really?  ok...,1
"Every driver from the state of Oregon that drives for Uber/Lyft is committing insurance fraud. This is because as as of right now and since their beginning operation in the city of Portland no insurance company in Oregon will insure you if you tell them truthfully you are commercially using your vehicle for ride share. In other markets,  like Texas, there is gap insurance available  but right now it is a major public safety issue in Oregon.   Also being a large competitive advantage vs commercially insured shuttles, town cars,  limos, and taxis. If you want to operate a vehicle driving people around for money you should  have have commercial insurance,  its that simple.",0
The referee is shit!,1
"Carrying a loaded firearm with your finger on the trigger on one of those things?  I wonder what other great decisions were being made by that individual.  I agree with Hoverboard Nation, they're here to stay.  They just need to take care of some of the technical bugs.  The stupid things people are going to do on one them will always be around.  I wonder if anyone has ever shot someone with a gun while falling off a skateboard.",1
"You're assuming this man is telling the truth about that and yet, this is not the only animal he has abused or killed.",1
"Part 1 of 2 due to WW's cruddy comment system:

Home ownership certainly can bring wealth accumulation, but have you thought about why?  I think the answer is racism, exclusion, and inequity.

A brief history of American homeownership:  racial zoning codes, race covenants, explicitly discriminatory practices by government agencies like FHA, HOLC, explicitly discriminatory practices by realtors, covert discrimination by lenders and other players in the real estate industry, and, when all of those other defenses failed, racial violence and intimidation by regular citizens.  We can add to that the wildly inequitable mortgage interest deduction, by which homeowners benefit from government largesse far more than renters do, and of course Oregon's own particularly bizarre property tax system.",0
"your delusions do not make it truth. You are the enabler of this obnoxious dysfunction.
 I speak from experience. My Chickasaw family is from Snow, Oklahoma. In an act of desperation my grandma and her 12 kids thumbed a ride to Oregon coming here destitute to look for work, and overcome poverty through a work ethic. I myself came to Eugene living on the streets looking for work.
 Standing on a street corner holding a sign professionally begging without shame or dignity is not looking for work. That is a vagrant leech who is looking for a fool, and their money shall soon depart to fund their criminal dysfunction. This is where people like you go straight into denial and what makes you the enablers of this obnoxious dysfunction plaguing our community today.
 Countless illegal aliens travel to Oregon every year and manage to find jobs supporting themselves, and their family back home.",1
I advise the Feds to follow the money that is given to these anti American religious sovereign terrorists.,1
"Lynn Porter, you could not refute anything I posted, and like a dysfunctional child you flagged the post, and then bragged about it like a child.  Now, perhaps to a dysfunctional child your obnoxiousness is fun, but at the adults table it's obnoxious dysfunction. Acting like a dysfunctional child does not make your ignorance any less profound. It merely proves my point.",1
People support Trump because he is a breath of fresh air in a politically correct world.  I greatly admire that he refuses to play by same old standard rules and as mc says a President is really pretty limited in power (except with regards to starting wars).,0
"Not quite as dangerous. 32,000 people per year on average nationally are killed in drunk driving situations compared to 4,000 people per year due to distracted driving but your point is still valid. Fines have been increased and yet I still see people blatantly texting and talking on their phones. Perhaps loss of a drivers license for 6 months would cure some of these folks who find it more important to be on their phones and putting peoples lives at risk rather than paying attention and driving.",0
"Democrats have been brutally abusing the emergency clause in OR. Out-of-state antigunners passed a law to end an age-old practice of private sale last year under ""emergency."" With advent of statism and socialism, it's inevitable that we see people's voice dismissed and suppressed. The ruling elite grows more powerful by the day. Sometimes I envy old people. They've got to enjoy the better years of this nation. It sucks to lose freedom so early in my life.",0
Anybody who pays $750 for a $55 ticket is an asshole. That is simple economics. They're the Todd and Margo from Christmas Vacation.,1
"For the purposes of testing, here's my contribution:

lol wut wat a bunch of bullshit

the author is a delusional stupid jerk full of crap

(I just can't bring myself to use stronger profanity and personal attacks.)",1
The design of these is great. Looking forward to next week's. :),0
"So here the Emergency room doc could not even diagnose what was going on, and had to call and talk to an Ear, Nose, Throat doc to figure out what was wrong.  And here there was no medical problem going on at all.  All she had to do was to pull the doggone plug out by the string attached to it.  Heck, any layperson could have done that.  When I saw my own ENT doc afterwards for follow up, she stated that if this had happened during a weekday and I had been able to come into the office, she would have instantly realized what was up, and I would have received immediate relief.  At most, it would have been a basic $150 office visit.

Instead, the idiots at PeaceHealth tortured me for 5 awful hours, lying there struggling to breath, and did nothing to help me for all that time.  Plus she ordered over $4,000 in totally unnecessary tests.

So I fully agree with you.   We have a very poor level of medical care here locally.   There are some good doctors, but we also have a lot of bad ones.",1
"The politicians don't care.  Passing the law for votes is the point. 

 The most recent affirmation of that was Sen Prozanski's 'gun control' legislation requiring person to person background checks. Virtually every police agency and DA in the State pointed out that they did not have the personnel or financial resources to enforce this law.  Several sheriffs and police chiefs had press conferences where they said they would not enforce the law.

Prozanski and the legislature put the Emergency Clause on it so the voters couldn't have an initiative against it.",0
"it is delusional to think these people can be helped. There is a reason why drug-alcohol programs have a pathetic success rate and at best provide a short break in between binges giving their livers a break. They are dead end dead beats void of a work ethic or dignity and no program is ever going to change that fact. Simply put, they refuse to grow up and accept responsibility to support themselves. Programs become their obnoxious enabler, and especially food stamps. Go to the university district and you will find many who live on the streets but work to support their drug-alcohol habits. They'd rather pick up pop cans and scrap metals etc. than work a 9-5 job, which is their choice. I have no problem with that. they are not inflicting their dysfunction on the community. Spirit is a prime example. he lived homeless by choice, but worked. He does amazing carvings and hustled up temp jobs. which brings me to the working poor (to be continued).",1
"That guy was a moron, anyone stupid enough to go for a gun to die by suicide by cop deserves it.",1
"@Doug~

The Olcc allegations are false. Toth never stated the art opening would not have alcohol for the Gremlins event. We planned for it the entire time w Copa wine as a sponsor. This is Olcc kicking up dirt, there was nothing in violation. The suggested donation box was a question for the inspectors when they arrived. They prohibited this so it was not used. It's not a crime to ASK an official prior to make sure your in compliance. 
No alcohol was sold at Canna Ball it was misquoted to say it was not going to be on premise. Lastly, the charge was for SELLING alcohol. All of the folks in attendance and whom have posted know there would never be sold without lisensure. The promoters and sponsors have stated this and there are hundreds of guests and staff willing to testify.",0
"Your ignorance once again is profound, and once again I will confuse you with simple facts. In 1981 the social conservative Jack Kemp, teaming up with Ronald Reagan, pushed through a first time home buyer program that targeted specifically the working poor, and empowered my friend Marty to purchase a home earning $3.35, the federal minimum wage. Kemp-Reagan got people off welfare by lifting Marty's standard of living to entry level middle class. What you advocate chains people to poverty and a dependence on programs.",1
"Lets not discount the write-in vote. I would rather vote for who I feel is the best for the job, not the few presented to me by the oligarchy. Write-in voting could change the face of politics overnight, but voting write-in is an independent thing to do, and most voters seem to be merely sheeple.
Vote write-in and change politics in the peoples favor!",0
"""Probably most 21st-century Americans would agree that wearing, say, blackface or Native American war paint is generally outside the accepted bounds of taste, civility and human decency."" How racist stereotyping of Injuns calling it ""war paint."" Us Injuns have been painting our faces for every occasion under the sun. I only put on ""war paint"" when I come to debate the profound stupidity of Political Correctness.",1
"Loved your article, Matthew. Saw Maher on Colbert and he was such an ass about the subject, basically attacking Colbert for being Catholic. The excesses of religious belief are also obnoxious but Maher makes me want to speak in tongues just to annoy him.",1
"He did not call all Mexicans rapists.   He did say, and it has been proven that some of the illegal aliens are indeed rapists and murders.",1
"You should do your homework before making profoundly ignorant statements in public. My Chickasaw mother was born in Snow, Oklahoma at the height of the dust bowl era, and knew third world poverty. In an act of desperation my grandma and her 12 kids thumbed a ride to Oregon coming here destitute to look for work. My mother grew up in a one room dirt floor shanty. My mother went to work fulltime when she was 13 so she could finish high school. In those days a public education was worth fighting for. My mother scrimped and saved to send me to England, to live with my legal immigrant father's family so I could attend school as she could no longer ignore the absolute incompetence of Oregon public schools. To further address your ignorance, I live well below the federal poverty level. All 3 of my children went to college because I made damn sure they had an education. As for your profound stupidity, I'll point out the obvious, Singapore has already shown you how it's done.",1
"Excellent question. Two reasons answer your question; #1 welfare reform booted the social parasites off of welfare and #2 these dead end dead beat social parasites refuse to accept the responsibilities that come with adulthood. So long as liberalism, a social disease, enables their obnoxious criminal dysfunction, they never have to take responsibility for their life.",0
LTD is playing Kabuki Theater.,0
"Modern hypocrisy run amok.  We lock up humans in cages for decades for non-violent ""crimes,"" while protesting about animals who simply perform.  Let's go bomb some middle easterners before our afternoon free orcas meeting.",0
Carl you will be missed.,0
"Perhaps your dictionary also has definitions for ""pedant"" and ""sanctimonious.""",1
"its not the camping, its the mounds of garbage. I don't care if people sleep in tents but the kinds of campers all along waterfront and out on the trail are the very worst offenders and clearly didn't get the pack in pack out message. that's what the city seems to be tolerating. giant shit heaps along otherwise pretty corridors. if the city is going to allow camping it better give its garbage men a raise!!!",1
"JP says:  ""Trump is a product of many angry, mostly white Americans""

Racist stereotyping duly noted.",1
"You are, once again, confusing 'Rights' with 'Demands'.  And totally ignoring the concept of 'Responsibility' by your adorable pets.",0
"Our votes mattered in 2000. They might matter again. But, I would be in favor of rescheduling our primaries and closing our general election early on election day so that we could release results at the same time as the East Coast. Unfortunately, making those changes is not as easy as it sounds.",0
I see Mr.  Finicum as Don Quixote in a Stetson.   I personally think that he knew precisely what he was doing when he drove away from those who had him stopped.,0
"and yet none of these liberal clowns have a problem with liberal corporations like Saturday Market claiming they own public property in downtown Eugene. While these liberal clowns demand Citizens United being repealed because corporations should not possess equal rights of citizens, they have no problem with liberal corporations like Saturday Market- Lane County Farmers Market being granted, by fiat, far more rights than the citizens who own the property they operate on. Never underestimate the staging hypocrisy of liberal bigots.",1
Fuck this guy flag his post,1
"you can't refute what I state so an emotional cripple like you resorts to puking this crap. But I expect that from emotional cripples justifying the cats of this nation destroying other peoples property and killing over 1 billion song birds every year,. what a moron like you fails to understand is if the cat owner was responsible with their pet, their pet wouldn't be dead.",1
We're only losing $5 a unit. Don't worry we'll make it up in volume.,0
"You appear to be making the same assumptions of our government being prone to ""tyranny"" that the Malheur occupiers did.

These people who participated in this criminal act are widely supported by well known and documented anti-government hate groups.    These people represent a clear danger to commit further criminal acts, including intimidation and violence.   To argue that this officer should have a target painted on his back, and his family to also then be allowed to also be targeted, is an argument that is extremely irresponsible for anyone to make.   Members of law enforcement do not sign up to become targets of terrorists.

When Muslim extremists attacked that Mohammed Cartoon event in Garland, TX 9 months ago, the name of the officer that killed both of the  extremists was withheld from the public, and was  never released.

This incident at the Malheur Refuge is no different, as it also involves extremists with radical viewpoints that are heavily armed and prone to violence.",0
"We've heard many times that the Constitution should be followed. Originalists want no interpretation of the founding document. Ironically, Scalia held these beliefs: ""he [the President] shall nominate, and by and with the Advice and Consent of the Senate, shall appoint ... Judges of the supreme Court...""
It does not say, ""unless it is an election year"". Supposedly Democrats including the President are Hippocrates. 
How is refusing to consider a nomination not only unconstitutional but also a hippocratic response to so-called constitutionalists?",1
"At 130 feet long, this boat wouldn't quite make it to the 50 yard line. Still damn big.",1
"Tompaine:  Even you cannot come up with a single specific allegation of wrong doing against Kitzhaber.   You cannot make another person responsible for the actions of another.  If it does turn out that she did actually commit some crimes, one cannot automatically blame Kitzhaber for any wrongdoing by her.

You people are all classic witch hunters.  Not a single one of you can come up with one tangible allegation of wrongdoing by Kitzhaber.  All of your suspicions are based solely on guilt by association, and nothing more.  You should all be characters in Arthur Miller's ""The Crucible"", your attitudes are that classical in nature.

Yes, I feel that he has been stupid to stay with her.    But you cannot condemn a person, just because they made a poor choice about falling in love.   That does not make him a bad person.",0
"Sean Miller belongs in the P12 COY discussion given that he lost Ray Smith to injury before the season started, Kaleb Tarczewski missed 8 games to injury, and Allonzo Trier missed 7 games to injury.  Also, there's too much discussion about Altman exceeding expectations, without any mention that Oregon's expectations were based on Dylan Ennis starting at point guard.  Altman is exceeding expectations, and then some.",0
"When you cut funding for a school, programs are cut, and teachers wither. Education is at stake. So, people go to schools that offer what they want. As Mr. Cranor said below, these are usually students with better-off parents, leaving the poor kids behind. Meanwhile, Marist (just across the river) offers North-region students sports/academic scholarships, increasing transfer #'s. The district notices a decline in enrollment and cuts more. The same process continues. It doesn't end. And it won't. Unless 4J halts the ability for some schools (South Eugene) to flourish while others (North Eugene) scramble to handle cuts in staff and budget. 

Clair Wiles put it perfectly. School choice is segregation, absolutely. Ms. Dragt is absolutely justified in her concerns for a shutdown, because it won't change without action. 

I urge the school board to eliminate school choice and to focus on providing a truly equitable experience for students at all 4 high schools.",0
"I could blame someone else for leading me astray, but I have to admit that I was very easily led (  ; > )",0
"This makes zero sense. You're basically saying you like Hillary because she has a vagina and she plays the political game as a corporate pawn and you think those things are awesome. There is a huge difference on so many levels between Hillary and Bernie and if you don't see that, you have been paying more attention to the fact that Hillary has a vagina than you have to either of their track records in politics.",1
"I mailed my issue, I now see my user name.  We will now see how it posts.",0
"Oh surprise!!!
Taxes are to politicians is no different than heroin to a drug addict",1
"""... students, especially girls, don’t start from home in the clothing they wear at school.""  Been that way since 1960 or so, based on my personal observations.  Then, the girls rolled up their skirts at the waist to shorten them.   Today, near Thurston at least, they seem to roll down their pants at the waist to expose more midriff or their tramp stamps.",0
Use flamethrowers to rid the city of the vermin,1
"Just did my first peer-review... it can be difficult because no context is provided, is there? What if the comment is, ""I completely agree!""? Now, not particularly great content, but certainly sounds civil. But what if that comment is in reply to someone calling someone else, ""you are a puss-filled jerkwad that should be forced to receive many awkward hugs from Ted Cruz!"". It wouldn't be civil to ""completely agree"" to that nasty note, and yet I just gave it a big thumbs up!",1
Finally the right wing grifter traitor is arrested.,1
"After watching that video, it is lucky more people weren't killed.  Finicum was going for his gun, besides he wasn't at all complying with Law Enforcement. In many ways it appears he was trying to distract Law Enforcement.   It is sort of like watching an idiot being shot after trying avoid a major police stop with guns drawn.",1
"The great speech America needs to hear today is a speech Americans do not want to hear. We are deeply divided because of shameless intellectual bankruptcy. The left points to the right and says: ""YOU'RE A MORON!"" While the right points to the left and states: ""YOU'RE AN IDIOT!"" The problem is they're both right. Clowns to the left of me, jokers to the right, here I am, stuck in the middle of these fools.",1
"Ideologies that claim to not see race, like the one you espouse, billhooper5, use the idea of ""not seeing race"" as a way to ignore the institutional, economic, and social practices that perpetuate discrimination, the single most persistent feature of American society. That discrimination in the form of residential segregation, educational segregation, disproportionate incarceration of people of color, employment discrimination, etc. continues to plague American society is well-documented in peer-reviewed research published by scholars from both within and outside of the U.S..",0
"I find this article to be distasteful, at best. The attempt at humor and snark are completely lost on those of us who have a personal relationship with Tilikum, and/or the cast of BlackFish. Not only are there several misrepresentations within this article, it makes Oregonians look completely uneducated. Keiko was released and resided in the waters off of the coast of Oregon. Having said that, we should be proud, as he lived free for five years. 
Choosing to debate wether an apex predator mammal is a fish, or not, is completely off the mark and not even funny. If you knew anything about Tilkum's life and story, the tone of this entire piece could've taken a successful direction. No witnesses' to Keltie Burn's death came forward (at the time) and said it was him. Daniel Dukes jumped in Tili's tank- with a desensitized whale, in 50* water, you're going to get killed. As Far as Dawn? Yes, he killed her. He panicked, b/c of the way it was handled by staff at the time. Nothing funny here.",1
"I suppose you can think whatever you want like everyone else has here so far. Have at it. If it makes you happy to demonize people posting their experiences on a blog, go for it. Everyone needs a devil in order to continue living in denial of their own shortcomings. That's how the Church stayed legit and made serious $ for 2000 years while committing acts of genocide and abuses .",1
Mr. Birran is one impressive human being!,0
"Thank you. FBI, for your good work on ending the criminal actions at the Refuge. In the end the criminals were stopped.",0
"You really shouldn't be writing about something you obviously no nothing about. Well, opinions are like ass holes. Everyone has one.",1
"because people in prineville have guns and would probably shoot trespassers. people in portland are nice but naïve, and think they can save the world, one spanging, youthful hobo at a time. no, it doesn't work that way. you can be kind but we cant help every single kid that jumps a freight train from out of state. I blame those dicks because they have hijacked our collective sympathy, well not mine.. so stop giving beggars change, use a GOOD bike lock,  and maybe word will get out people in portland are stingy. missing a 2k road bike? I see tons in the hands of juggalo crooks down along the river every week.  they wouldn't come here unless the picking were easy. we're all complicit in this matter......",1
"Excellent editorial.
Jeb didn't realize that moderation and basic decency were no longer in fashion within the GOP primary's voters.
He'd actually fit in with the current Democratic party's conservatives a lot better than in the current GOP.",0
"'A Trial is  a formal examination of evidence before a judge, and typically before a jury, in order to decide guilt in a case of criminal or civil proceedings'. So strike three. Look it up yourself in any dictionary. You don't need to know about law , you just need to be literate Phil. You and your camp are obsessed and your obsession has colored the intention and motivation of this case. It was pretty clear to a jury evidently. At the point it's about winning and your vendetta , not about rape or  poor 'defenseless' women.  How selfish and disingenuous. You are a self-appointed watchman. Instead of slathering peoples pictures all over facebook, link people to the se offenders list or encourage other to get educated. They will find people like Brown themselves without your bias included in the information.",1
Make sure you're affiliated with whoever you need to be for the primary in your state... and make sure you turn up and bring as many as you can with you.  This isn't over yet.,0
"PDXlifer says it is ""short cited"" to save the Dockside since he foresees its condemnation within 10 years and that it is negatively affecting future development. If that's the case, why is this entire area booming? Indeed, why is it that people love old buildings and their legends? I think Portland is succeeding precisely because of artifacts like the Dockside. If Portland looked like Phoenix, as some boosters seemingly would like, I doubt its appeal would be as deep or wide. Portland succeeds precisely because it's funky and charming. Take that away, and you have another suburbanized megalopolis that could be anywhere. Please: let's stop with this idea that Portland needs to look like Anywhere, USA. That's why Happy Valley exists.",0
What a disgusting display.,1
"I'm quite sure I've already read this article a few years ago, same statements, same comments, looks like this guy loves to be seen as an idiot, just to gain some click on his ridiculous articles. Good luck loser",1
"Wait, fer real? That went to court?! And he WON?!? For the sake of honesty! We finally made it criminal to tell the truth, and it started here. How sickening. I mean, I kinda get it, being socially shunned sucks, but not being able to inform your community about dangerous individuals sucks even worse. It would be one thing if the allegations were false, but if they're true ... well ... if you don't like the consequences maybe you shouldn't have done the deed? I mean, I made the front page of my city's newspaper for being ""different,"" on the heals of Columbine and on Mother's Day no less, and that was awkward as hell. It never even crossed my mind to accuse the newspaper of any misconduct. I was weird, apparently that was news, and they shared it. Well, fuck me then.",1
"""40-20
12 hours ago
Labeling others with the intent to humiliate is what’s uncivil …… “homophobe”, “bigot”, “hatemonger”, “climate change denier”, “teabagger”, “racist”, “neocon”, “right wing extremist”, ad infinitum.""",1
"Tim: ""...randomizing who gets what comment on what issue, so it separates the peer review from the specific issue. "" Sorry for the density here, but I am not following that. Is that the review process we go through to comment?
What seems to be happening is a method to manage the tendency of commenters to sink to uncivil discourse. That seems to rely not only on programming, but also social psychology and psychology. I am not against social engineering. And this seems to be a classic attempt. Better socially engineered than something that collapses under its own weight.
Anyway, interesting experiment. Will civil discourse generate more clicks than uncivil ""discourse""? (Breitbart does not seem to think so) . We'll see. Feeling like a Norwegian rat here. ;)",1
"Being civil follows from respect for our fellows.  We in this country have very low respect for our fellows.  We are comfortable in locking up a higher percentage of our population than any other civilized country in cages.  We have no problem with that because we view fellow citizens as disposable and if they irritate us we call them ""pond scum.""  Being civil stems from respect for the value of others.  How do we foster respect for fellow citizens and desire to promote their well being?   Perhaps, the media must lead the way.  But not only in terms of comments, but in terms of news coverage.  Rather than reporting on ""bad"" folks and printing mug shots, the media could do coverage of supposedly bad folks and show their essential humanity, those that depend on them, the good they have done.  Reading the media, one senses that there are good and bad.  Naturally, the take home message to all is I am good and they are bad.  Relegate to pond scum once, legitimize such relegation generally.",0
"They are a bunch of millionaire wannabe agribusiness failures with too much time to spend on the internet listening to others tell them they are God's chosen. Just another crop of morons getting their just reward, and it ain't  gonna be in heaven",1
Yet call out all Muslims for the acts of a few will get you pilloried.   So why is it okay to smear an entire religion over these few idiots?  Or is this because it's okay to bash Christian sects?,1
We are really fun to hang out with.,0
"Replace age 66 with black, what do you get?  A racist who should be driven out of town.",1
"True enough.  Alas, for many conservatives the world can only be black or white, and Mr. Trump is Dubya on steroids.  Not only are you ""against me"" if you're not ""for me,"" you're a loser and stupid and (choose your Trump invective here).  Hyperbole should no longer be tempered:  Mr. Trump is a ""leader"" in the same vein as Hitler and Mussolini.  Consistently deprecating (and increasingly openly violent toward) to those who not only disagree with him, but are doing their jobs (or not) as journalists.  Not simply a cartoonish narcissistic blowhard, but a rallying point for the ignorant, angry and uninformed.  There will be violence, and worse, coming from the Trump camp, I fear.  The Republican party created this monster in 50 years since Nixon (both their racist, misogynist, homophobic ""core"" and the individual now leading them), and when you sleep with dogs, you get fleas.  They have no idea where to scratch, which is both gratifyingly hilarious and frightening.",1
"Porta potties get vandalized. Some people use them for shelters so others cannot use them for the intended purposes. Trash bins get trash tossed in the direction of the can, like they are not really even trying to hit the mark. The lack of respect for much of the world is a big problem within some of these populations.",0
"I think these people who say Uber/Lyft is safer, newer and cleaner really just mean ""whiter"". 

Lets face it, it is only for those who have a smartphone, decent credit and tech literacy. They are likely younger, whiter and richer than those without such privileges. 

This is really just another case of people wanting to be part of an elite club so they don't have to deal with people not like them.",0
Who said anything about opposing liberals going to the MWR to physically remove Bundy? Answer no one! As I pointed out I believe at least 6 who did oppose the Bundy's did go and meet face to face. That leaves the vast majority of liberal trash talkers with apparently a  weak bladder problem in my estimation.,1
"It is amazing how many national voices seem to think a third party effort might be possible after mid-summer.  Such ignorance.

Such a thing will be possible only for the next few days.  Then that option will be closed - for anyone - Trump,  thank God, included.",1
Where is the story about how Lane County No Kill trapped spayed and neutered a colony of 50+ cats with the help of FCCO out of Portland and Wags here in town.  Now that is something that is note worthy unlike greenkill trying to get donations for them saying that they are doing it.  Maybe if they would have helped with the 50+ then it would be note worthy of them.,0
"It's only tragic for people like you who are going to be on the receiving end of the nastiness and mean-spiritedness. But your hurt feelings are just collateral damage. We don't get rid of the cancer that is leftist doctrine with an aspirin; we get rid of it with radiation, chemotherapy or other unpleasant treatment.",1
"Being a grateful Gramma I am also not able to see all my grandchildren as most of them are 3000 miles away, and since there are 6 of them it costs a fortune for airfare.
I do have 2 wonderful grandchildren right here in this area, but I felt torn whether I should stay here or go live where my other grandchildren are.",0
"I just ran into the context issue. The comment was, ""there is no need to be civil towards someone like this"", and the parent was, ""you are more civil than I"". I didn't know what the starting comment was, so couldn't really figure out the conversation at all.",0
No more niqqers nips spics or Jews,1
"Hell has frozen over- I agree with BJ.  Evidence should trump ideology.   This study looks sound to me.  But it doesn't mean that Portland's approach to adding housing is good.

We should still be very suspicious of Portland development right now- some of the new neighborhoods have major livability problems.  The Alphabet neighborhood could experience employed-person flight if the  crime doesn't get better.

There is quite the redistribution of wealth going on- renters are losing.

My thoughts lately: we should also look at who owns multi-family buildings and whether the fact that buildings are being ""flipped"" is raising rents.   Where is all that extra rent money going?  Who is benefiting from the current set of tax laws as those laws pertain to real estate? Follow the money.

BTW- housing supply can also include smaller, sfh homes
that are well-sited.  Ran across a very dense new development two stories tall with lovely landscaping and privacy.  Awesome.",0
Excellent letter Joe Casey.,0
"Again, hutch was the one on trial not brown. I'm sure you understand what a civil suit is. There is one plaintiff and one defendant photo hutch was the plaintiff and brown  was the defendant . Hutch probably lost because him and his friends don't understand the law whatsoever like yourself and what a plaintiff and a defendant is. If you all appeal this I sure hope you can get it straight and understand whos on trial.   In the mean time I would be very careful about throwing around harsh words like rapist. You are only repeating hutchs errors and you most certainly will be next if you don't cut it . It doesn't make you look good, positive or very together. You make it seem like it's not about a rapist or a criminal like you say. What it really seems like it's about is winning. That's selfish and Very disingenuous. There are hundreds of sex offenders and you're very area. Stop targeting one person because you lost due to trolling .It wil Only lead to more  suffering for you",1
"I've seen a couple of the original Star Trek TV episodes but I haven't seen any of the Star Trek or Star Wars movies yet so I don't really have an opinion. But, I do suggest Captain Midnight.",0
"I realize this does not apply to this design. I was making a general point about how we classify something as a tragedy when design could have prevented the situation. I should have noted that more clearly. 
I even rescind that tragedy does not apply. I just think it implies a sad, unavoidable event. In doing a little research, I found this link that discusses engineering using Main Street in Springfield.  Check out the engineering perspective: http://www.strongtowns.org/journal/2015/6/8/just-an-accident",0
"No. Answer my questions. Why do you support an avowed racist and misogynistic 
windbag?",1
"ScienceDuck:  You're seeking ""civil conversation"" on this site....oh, wait a minute, that's the name of the site, isn't it.  C.J.101's position is really rather simple....civil? well no, but certainly simple.  If you disagree with him, it's because you're a)ignorant (don't have the facts) or b) stupid (couldn't understand those facts if you had them) or c) both of the above.  Discussion, coversation and debate are all worthwhile pursuits.  Dismissing those who oppose your position as ignorant, as does CJ101, contributes nothing and, instead, inhibits such civil discourse.",1
"While I have a lot of respect for Bernie, and will vote for him, for a long time I have wished for a national referendum on changing the American voting process. I suspect I would be happier in the system used in Great Britain. Well, without the royalty nonsense. I wish third party candidates could run and simply designate that their votes could go to someone else if not successful. Thus, Bernie could have run as an Independent, and if he didn't win nationally, his votes could have gone to the Democrats.

I usually don't blame the candidates though. The system forces them to grab for tons of cash by not saying some things and pandering around saying things they may not really believe. Not many people would go through the national election process. Look at the intense scrutiny that they have to endure, and look at the danger that they have to face every day. They are brave to run. The fault truly lies in the system, not the candidates. As a country we are them.
Hugh Massengill, Eugene",0
"Here's the rebuttal: Krugman is a player for the democrats political establishment to believe otherwise is foolishness. When the RG as with many liberal newspapers don't want to appear as the lone ranger they run a Krugman kind of column. His column isn't about Trump, it's all about getting Hillary elected. Like most democrats you don't see it anymore then the next tool. The Clintons are among the top 1%, the insider political establishment   and they intend to stay there no matter what or who they use. Independents like myself see it plainly for it is, a few Master Gardeners the 1% [the Clintons] have a shed full of foolish tools willing to be used. It all boils down to Forrest Gump's story.... ""stupid is as stupid does"". The really question is: So what does Hillary's moral and mental character have to offer the nation I know the answer do you?",1
"The media/leftwing hate showered on the Malheur protesters is a manifestation of their hate for anything and anyone who is Caucasian/Christian/Conservative..... it goes back to Barack Obama's bigoted ""guns and religion"" comment.   

   In the Ferguson case, the left hammered law enforcement over the shooting of Michael Brown who had punched the cop in the face and tried to steal his gun.

  In the Malheur case, the left was demanding that law enforcement confront and get aggressive with non-violent protesters to the point of a showdown, then applauded law enforcement for doing so.  

One more big difference.... the left publicized  the name and address of the Ferguson cop,  but not so with the Malheur cop.  Why?

The blatant hypocrisy of the left never ends.",1
"Training time for 911 operators could be significantly shortened by setting up a system that makes use of police, firefighters, and EMT's to rotate in and out of the 911 call center on a voluntary basis.  Calls could be routed to the persons with the appropriate training rather than expecting them to be a 'jack of all crises'. 

People wanting a break from their stressful jobs or people who are on restriction for a physical disability could be given the opportunity for this alternate work. Yes, 911 is very stressful but sometimes a different kind of stress than what you are used to is actually less stressful for a while. They are already trained in emergency first response and this eliminates a large part of the learning curve for new hires off the street. 

The ability to type fast and multi-task while on the phone is a limiter for many people otherwise very qualified to do the job. We need people looking into developing new tech to get around these limitations and open up the pool.",0
"No, Mr. Trump is not diverse. A single individual can't be diverse. Diversity is about collections or groups of people, the more diverse when they include more genders, types, backgrounds, ages, etc., and the less diverse when they are more uniform in the same factors. 

And I'll help you out with why the ""honor diversity"" crowd doesn't like Trump. I honor diversity and I really object to what Mr. Trump has said in public about Mexicans, Muslims, women, blacks, handicapped, and so on. I don't hate him, but I do seriously object to his candidacy for president of this country. I can't speak for others. 

Furthermore, hating an individual can't be bigotry. Bigotry is about hating groups and collections of people for their characteristics, gender, background, color, religion, preferences, age, etc. Disliking a person, even hating that person, for what he or she says, believes, or does, rather than that person's classification, is not bigotry.",0
"Street Repair Proposals Ready For Public Polling

Which of the following most closely resembles your views on how to resolve Portland’s street repair deficit problem?

A. Prioritize Street Repair In General Fund Budget.

B. A New Portland Gasoline Tax Of Ten Cents Per Gallon. 


Details, Explanations, Arguments
Answer A. For more than thirty years the Portland city council has redirected and misappropriated budgeted funds for street repair to their pet projects. There is every reason to believe this practice will continue.

ANY size Portland gas tax is a vote in favor of allowing political skulduggery without consequence. 

ANY size Portland gas tax is a vote against an essential value of a democracy which it to hold publicly elected officials accountable for their actions in office.

1 of 5",0
A whole load of rubbish,1
"Actually not in Administration. ""Transportation Supervisor""  misprint and a member of SW OPTA which is the organization that puts this event on each year. Was very interesting and hope we never have to go through something like this ever.",0
Why should a government agency (The PPS) in a internet communication between private citizens?,0
says the man who no doubt plans on voting for either the most dishonest predator in government:Hillary Clinton or Crazy Bernie da Bomber ... where cervical cancer can be defeated by having more orgasms (ladies),0
"A little anti-police bias showing here, Outsider.  If you think a police officer is going to let a reporter close enough to smell someone's breath while in the process of an investigation, I want some of what you've been drinking!  Same thing about 'interviewing the accused'.",0
"No clue. This was handled at the college level, not departmental (though heads knew this was coming). I got one, as well as the handful of pro tem colleagues I talk to regularly. It's all pretty decentralized, so there's no sense of who's in and who's out, but my guess based on earlier dept. meetings is all pro tem received this letter.",0
"you really want to help the WORKING poor, give to Habitat for Humanity, the ONLY program putting people into affordable housing that fosters independence and dignity. All the rest of these programs foster dependence on the welfare state",0
I'm still baffled by how his role made it to any draft of the Phantom Menace script...,0
So we encourage people who only bring in a small amount of jobs instead of a business that brings in a large amount of jobs? Intel and Nike have create a lot of high paying jobs west of Portland.,0
"This story gets more ridiculous by the hour! And, I love that people are sending these guys dildos in the mail now. But… if they really think there's a happy ending in this for any of them, I think they're even more deluded than all of the jokes about them assume.",1
Why does demand for a product go up simply by paying employees more? That simply is not true.,0
"We got to get everyone to keep on puffing!   My kid's school needs a few more teachers, full time library and PE!  Seriously with any luck, this could make an positive impact (in time).   Come on stoners, get to it!",1
"Martin Cizmar, You're a douche. Like a huge douche. Damn dude, Stop being such an enormous douche. Seriously. Calm down. You're such a god damn douche.",1
"Ladies, please don't vote with your vaginas: http://www.elephantjournal.com/2016/01/i-dont-vote-with-my-vagina-susan-sarandon-feelsthebern/",1
"I'm Indian and I'm offended by East India Company. The fact that some Indians didn't get offended means nothing to me - maybe they're ignorant of their history or they want to cash in on the name. My grandfather fought British rule, so it's deeply personal. I'm not getting offended on anyone's behalf except me, so that should pretty much invalidate what you said above.",1
total garbage,1
"What are you insinuating from your comment???
Because he wants to raise his son alone, are you saying he's a misogynist?
That he hates women, just because he wants a son, and doesn't want a mother for the son?
Not saying he's right or wrong in the custody issue, just feel your comment is a bit ignorant if you're suggesting he dislikes women",1
"Once again the shameless intellectually bankrupt clowns refer to criminal vagrancy as ""homelessness."" We're supposed to abandon intelligence, logic, and common sense, and pretend the obnoxious criminal behavior that endangers our community isn't what got these social parasites booted, it's because government didn't steal enough of your wages to give these social parasites a free ride. We are dealing with people (sic) who are dead end dead beat losers void of a work ethic who refuse to grow up and accept the responsibility of adulthood. There are ample programs to get them help and a job, but, they prey on the truly stupid of our community, the obnoxious enablers of this dysfunction who claim they're merely ""homeless.""",1
"DG...you're misunderstanding my comment. Kesey and groups were frequently not attired nor acting in accord with ""business interests"", which I know from some interaction and observation in the 70s and later.
Those business and ""development"" interests have tolerated anything labeled ""Kesey"" only because they thought it was ""good for business""...and now they think it isn't.",0
I don't know where ww got their info but we knew the other pizzeria was going across the street. This article is a sexist blow job.,1
"Those who work to raise funding are not required to register their name as if they were giving as an individual or other entity . Shockley worked, in other words he helped in connection with Bean in his [Beans] efforts or is that to complicated  for you to understand?",0
"""How the hell can people move here in 2013, be on the forefront of legalization in Oregon with a felony, not even FROM OREGON...""

You must not live within 50 miles Portland because I nearly 2/3 of the people I talk to came from somewhere outside the NW.",1
"If you can't deal with a dog, then you should not be allowed to have one. Please find a humane person that is able to love and take care of this beautiful animal. You are a very sick person.",1
And the Democrats have Bill Clinton go back into the White House because he is so respectful of women  interns and Democrats are willing and eager to meet his special needs to advance their agenda.  Anyone who sends their daughter to work under Bill Clinton deserves nothing but contempt.,1
"The above questions are excellent. And deserve answers. Especially why an officer facing an armed gunman attempting to pull a weapon, left the cover of the woods and rushed to within 15 feet of the shooter? Which became the FBI's excuse for killing Finicum.

A more important question. If they wanted to capture Finicum alive,  why did an ELITE FBI team's sniper fire two shots - a ""double tap"" - at Finicum immediately as he stepped out of the truck with his arms held high? And then lie about the shots, with 4 other members of the ELITE FBI team also lying to support the shooter? 

The bullet was an inch or so low and instead of killing Finicum, which it was directly on target to do,  went thru the roof and blew out the left rear passenger window. 

The claims made by passengers in the truck - that Finicum was shot at ""with his hands up"" have been incontrovertibly shown - by video - to be 100% factual. The FBI sniper tried to kill Finicum AS HE EXITED the truck - with his HANDS UP!",0
"Exactly, like Kerry Gauthier -In August of 2012, he had sex with a 17 year old boy in a public bathroom, Barney Frank- Hired a male prostitute, ran a prostitution ring from his own home, Daniel Inouye   - Charged with sexual harassment against numerous women on his staff, Mel Reynolds - 12 counts of sexual assault with a 16 year old, David Wu - In 2011, had an affair with a minor, and friend of a campaign contributor - Arrested for soliciting sex of a minor?  Just like those guys........oh wait! They are  all social liberal democrats. oops.",1
"Why no 'likes' or 'stars' for my suggestion?  I'm just trying to encourage a healthy life style.  We stuck the tobacco addicts out in the cold to do that.  We built bicycle lanes to do that.  We built paths in Alton Baker and M. Jacobs park to do that.  What's the problem, muffin tops?",0
"The interns are brought in to model the language, they are similar to student teachers and they are not allowed to supervise the children by themselves.  The non-profit that helps fund these interns is similar to a PTA. It is my understanding that the school foundations are the only organizations that can fund FTE (full-time equivalent) positions and that is what makes them different from a PTA.  I believe that many PPS teachers, have the ability to bring in student teachers, but they can often be work for the supervising teachers, just like the interns can.

We do need more Spanish immersion programs on the west-side.  I don't believe the majority of native speakers living on the west-side live near the inaccessible East Sylvan.  Debbie Armendariz, let's start building instead of destroying.",0
"""Every worker deserves a living wage"". 
Not every worker is supporting a family - some not even themselves. Entry level jobs - the gas station, car wash, rolling burritos, are not intended to be careers. Those are the jobs that people take to get work experience. A starting point. A glowing recommendation as they move up the earning ladder. 
Someone without a decent work ethic is not entitled to, does not deserve $15 an hour. It has to be earned.",0
"It's really a shame that people are so much more inclined to show up to oppose, while supporters tend to just hope for the best.   Human nature at it's best.",0
"I like the scenario of Clinton elected President, indicted, impeached and removed by the Republican House and SEnate.  Vice President _____________ assumes the Office.",0
Anyone who allows Obama to nominate him/her is throwing away a chance to ever be nominated for the position in the future.  Anyone that stupid doesn't deserve the job.,1
A brokered convention that denies Trump will provide a losing ticket.  A convention that denies Bernie Sanders will only lose the young and idealistic Democrats.  Any bets?,0
"Hi David, we did consider all of these possibilities when building our system! In fact, we assume people will try to game it; that's why we have a lot going on behind the scenes algorithmically. The commenter-facing part of the app is very straightforward, but there are a lot of checks and balances on the backend to prevent coordinated attacks and also to keep comments sections from becoming echo chambers. Banning insulting words isn't enough, unfortunately; people will always be smarter than word filters, even if the algorithm tries to take context into account. We do have a backup algorithm for low-volume situations that basically does this (plus a few other things), but it's not as effective as human reviewers.

I hear you on the ""more replies"" button; I don't think we'll remove it entirely, but I agree it's appearing too often, after too few comments. We'll be pushing updates very soon!",0
"To Matthew Singer, the Author of this crap, why don't you try reviewing concerts of only those you like cause it's obvious that you already ""disliked"" Justin before even going to this show.  I had several friends at this show and they loved it!  He always puts on a great show, even when he's not feeling so great.  Get off the ""hate Bieber"" train, he doesn't really need you as a fan!",1
They had to use some other name. The thief also stole the J's.,0
"My compliments to the photographer!  I feel as if I were there!  I mean, those are really great photographs!  Not to mention the (local and international) coverage of Ashton, a home town hero!  He was born in Portland, so imagine how proud Portland is of him, too!  Someday he'll have a street or a building named after him.  Ashton, you've made Oregon proud!",0
"Hillary:
 A governmental agency that manages millions of acres, for the recreational benefit of millions of Americans, contracts many of those acres out to grazing at below market value, maintains campgrounds, and recreation sites, many for no charge, and provides many opportunities for any citizen who wishes, to get out and away from it all, is considered a ""Bully"", a very interesting viewpoint, for sure.
Also somewhat off point, but interesting none the less.",0
There's a state law prohibiting pedestrians from bike paths? Are you talking bike paths (like the one along Amazon) or striped bike lanes on the side of the road?,0
"Fantastic!  Outdoor School for ALL kids, not just districts or school that somehow find the funds.  This is an Oregon legacy, and kids have been going for 50 years or more in various parts of Oregon.  It helps kids learn science, connect to nature, build confidence, and is a program that we should all support in a time when disconnecting from phones and screens is so rare in anyone's life.",0
"So if someone posts a long treatise on the effects of gerrymandering with plenty of citations and an eloquent, heart-felt conclusion how this hurts democracy, but I am a fan of suppressing voters, I should rate this PhD-level comment as poor quality? It sounds like you mean it as a like or dislike button, rather than actually wanting a quality evaluation.

Looks like a good system... just trying to figure out the implications.",0
"These people are not homeless. They are dead end dead beat vagrant leeches void of a work ethic, dignity, and shame. My wages need to be paying my bills, and not supporting social parasites. we do not need more shelters to support dead end dead beat leeches. We need to stop taxing people out of affordable housing, and repeal high density planning that prevents affordable housing from being built, and do all we can for those who work so they can support themselves in independence and dignity.",1
"With all of the crazy people posting bogus anti-government propaganda online and showing support for these insane Malheur occupiers, it only makes sense to protect the Oregon State Police officers who opened fire.  You would want these heroic officers exposed so that they and their innocent families could then be threatened and harmed by these nutcases?     Look at all the people that the Malheur occupiers harassed and threatened in Burns during the occupation.   There were numerous reports of that.

When the two Muslim terrorists that attacked that Mohammed Cartoon Drawing event in Garland, TX 10 months ago, the Garland Police officer that killed them both had his identity protected too.  It makes perfect sense to protect these officers as well.   These right wing extremists are also terrorists and religious fanatics too, just like the two Muslims that attacked in Garland.   In fact, the Mormon Church even publicly disavowed and criticized the Malheur protesters during the occupation.",0
I had no idea the Saving Private Ryan scenes used a special optical system...I figured they just ran around with them.,0
"Took this as an opportunity to check back in on The Yard and the floorpans are finally up and they are ATROCIOUS.  Yeah, because I want to spend 2500+ to share a thin wall with my roommate.  Oh, and I want to pick between a dining table OR living room set, because in this modern world you can't have both.  And if you do want both, one is going to be in a tiny spot by your door and the other is going to be down a long hallway of useless square ft next to your kitchenette.  So dumb.
http://yardpdx.com/leasing/",1
I agree with the Southern Poverty Law Center: taking a passive approach towards people violating the law is not a good strategy.  I am not criticizing law enforcement for how they handled the Malheur occupation; I think they handled it properly.  What I am referring to is the long time (two years) that Cliven Bundy was allowed to flout the law.  That hands-off approach directly led to the events in Oregon.  I hope the US Justice Department has learned a lesson from this.,0
"How do you know “torture results in little more than false confessions”? 

Kerry reply on ex-gitmo prisoner returning to jihad …. “Well, Senator, he’s not supposed to be doing that.” http://drrichswier.com/2016/02/28/video-kerry-on-gitmo-prisoner-who-returned-to-jihad-hes-not-supposed-to-be-doing-that/

Why do you defend these unconscionable jihadists who hate America, women and homosexuals?",1
"Hey Mott. It's been great fun, but the new Civil system is too tedious. Maybe I'll call Gary for lunch and you can join? 
Yours Truly,
Jaded Jade",0
"The problem is not tolerance of diversity. It is a police department with truly rotten priorities. As one who was injured interrupting an assault happening downtown, and then waited for over an hour for a response from the police, both on 911 and while in their office, I burn with rage when I see three to five highly-paid EPD officers idling away time standing over and staring at a small number of people who are engaging in no crime other than to appear homeless. EPD gets plenty of public resources, but chooses to use their staff to engage in socioeconomic harassment rather than public protection.  It is the choice of our justice system to waste time and jail space on non-violent and victimless ""crime rather than on genuine public danger.",0
"You left out the part where the one who got shot said shoot me shoot me shoot me, refused to surrender, ran a road block, refused to obey LEO's orders, and was reaching into a pocket where he had a loaded gun.",1
"Start with a stupid premise (Israeli Occupation of Palestine); End with a stupid conclusion (The problem is Caterpillars!  Yeah, that's it!...Oh, and knives kill people!)",1
"What drives Don Trump? His Hitler bedside tapes, calling women dogs, lies buy the bucketful, racist beliefs, and an evil flock of supporters.",1
"Nonsense.  Actual human beings made the decision to mislead, knowing full well from earlier studies that our emissions put civilization at risk.  I have read the studies. Do some research.  

What happened to corporate responsibility (and they are 'people' now, right? SCOTUS says so).  No different than a drug company omitting warnings on their products, knowing of the risks.  Should  be prosecuted for criminal negligence.",0
"it was mentioned in the news conference, unlike the local lads who were justified the Feds are crap shots and missed",1
"I agree with you:
Obama is inflammatory and disrespectful.",1
"All you offer is Krugman is an idiot, Clinton is an idiot and people who don't believe as you are idiots too. Got anything else?",1
"Your accusations that ""Bailey went out of his way to find a church [with] bigoted and retrograde doctrine"" and that Bailey is tolerant of misogyny and homophobia are baseless, and I believe are directly contradicted by the excerpt I quoted. 

Being tolerant of an organization whose principles you publicly disavow is not the same as being tolerant of those principles. This isn't cognitive dissonance; this is having the ability to navigate a world in which people and organizations aren't black-and-white all-good or all-evil. 

If we're going to assert that Bailey is unfit to lead, let's do so based on his qualifications, including his actual words and actions. In particular, given that his actual words and actions have expressed a disapproval of the intolerant aspects of his church, I think it's actively dishonest and distracting to accuse Bailey of ""probably"" holding those principles himself. That's like saying HRC is ""probably an adulteress"" just because she never divorced Bill.",0
Lol. What a ridiculous insult.,1
"I do give you a solid 7 though, so don't get mad. You obviously put in work",0
"I moved to Portland from another state.  I can say it has been a ""hell"" experience.  Dealing with the unfriendly passive aggressive Portlanders has been a terrible experience! The job market started crashing. The rent increased as people lost their jobs.  I was desperate and moved in with my abusive ex to share expenses.  There has been no free speech or rights of any kind in Portland.  If this stuff is politically correct, I don't want anymore!  I was forced to share rent and got injured so badly that I couldn't work, and was advised to file for physically disability.  No one will rent to the physically disabled. Yes, I have filed complaints. Not one agency in Portland will help me.",0
My mistake. I knew there was problem when I wrote that. I meant hypocritical. Democrats are often called hypocritical. And there is a lot of truth in that. Reid and O'Connel this morning were both two faced about their earlier efforts to block the nominating process or their previous support for it. Each had exactly different views than they professed before.,1
"This is absurd. It's scary that your fate, whether it's suddenly owing a bunch of money to a scumbag, or worse, can suddenly fall into the hands of 12 idiots.",1
"Disagree with the Trump part, but I do agree that it is past due for a major shake up in this city of it's incompetent and deluded managers.",1
"Ironic; the City has successfully engineered commuting chaos into our roads intentionally decreasing vehicle capacity in order to overburden the ever-shrinking lanes of travel and 'force' people into high-density housing, high-density mass transit, high-density work space...and now as the 'engineered to fail' road infrastructure begins to fail, the City wants to have the 'cars' pay for services that have already been paid for through existing fuel taxation. If the idiot's had properly managed the road funds and grown the infrastructure proportionally with the population and vehicle growth, we'd have proper roads... Yea, I'm going to trust the City that can't manage to pave the dirt roads that are prolific around Felony Flats...gee, ya think paved roads would help the property values go up and the crime rates go down?.... and of course a BIG TIP OF THE HAT TO THE FREE-LOADING BICYCLE CROWD WHO DEMAND TO USE THE ROADS THEY PAY NOTHING FOR...pdx bicyclists are one-percenter's.",1
"More utter nonsense coming from you.   The police fired  blunt impact projectiles to first break the windows of the vehicle.   Once they were broken they could then shoot inside the vehicle, and they then shot gas projectiles inside.   The gas then forced them all to come out.

Your ignorance here is truly overwhelming.  None of those additional shots were bullets.   They were blunt impact and gas shells.",1
You call this hunting?,0
"Tuesday Jan. 13, members of 
this socalled 'militia' traveled to
John Day,Or to try to enlist the sherif 
there to come to Malheur and support them. He refused to go
without the approval of the local 
sheriff in Burns, Dave Ward.
Sheriff Ward said he only wanted 
The John Day sheriff to come to
Burns if he would be willing to 'shame and humiliate' the trespassers into leaving.
The Bundy Bunch are armed terrorist idiots who are attempting to poison my State with their toxic and divisive brand of 'politics'. They need to be arrested and prosecuted.
Rallies to support public lands and
the Malheur Refuge are being held in 
PDX, Eugene, and other cities across 
Or. next Tuesday Jan. 19: check out
#SupportMalheur.
And yes, I have lived in both rural 
Or (25 years) and urban Or.",1
"satkins93 — “More than 12 lanes of new traffic does not fix congestion. You can not build your way out of Conjection.

ME — Please quit repeating Sierra Club lies. Here is the truth from several sources:
http://www.debunkingportland.com/roads/buildwayout.htm
http://www.debunkingportland.com/transit_congestion.html

BTW, if you can’t build your way out of congestion, why build light rail?

satkins93 — “ The CRC would have reduced congestion. If for no other reason people don’t like to pay tolls. Stupid logic but that what studies suggest. More Bridges the more congestion. Portland, “Just say No”

ME— Sure you can reduce driving by hurting people with higher costs, making them choose between paying tolls and keeping their kids fed. Why do you propose hurting people?",1
"That's a typo, now corrected in the online version. The sentence should read, ""fewer than 1 in 3 had obtained a driver's license..."".
--Jackman Wilson, editorial page editor, The Register-Guard.",0
"I was thinking that too. As a White guy who ""enjoys"" white privilege, I am not in a position to understand Black Lives Matter like a person of color might. But let me try to explain why I think Sanders has been focused on economic justice instead of racial or legal justice.
Some assumptions: Blacks have been inordinately impacted by the growing disparity of wealth. White group have proposed that the problem is that Black people lack a work ethic. They do not see the unequal funding of schools, lack of infrastructure, quality housing, and attraction to gangs as a way out of a future of despair.  Added to this are the Right wing establishment like the Heritage Foundation, CATO Institute and Limbaugh that churn out fictions called ""white guilt"" and ""politically correct""  to ignore this economic based discrimination. Sanders would say you cannot begin to address prejudice until the injustice of the economic system is fixed.  So he seems insensitive to the Black Lives Matter.",0
"I know right?

Textiles got all stupidly expensive when we stopped allowing eight year old kids dodge around the machinery. 

Why would we stop such a good thing when were had such a usable textile industry?",1
"Tax breaks to make up for higher wages? What? Don't employers already deduct labor costs? 
It's just not feasible that employers who now pay $9 an hour would soon pay $12 out of the same structure. That money has to come from somewhere - consumers and taxpayers, or both.",0
"in other words they knew Oregon voters would kill $15 an hour minimum wage, and pushed through this stupidity while they could.
 I am disabled and unemployable. federal laws suspends the minimum wage law and restores my right to negotiate my own wage for the work I render. I can legally work for less than the minimum wage so that I can attain employment as is my right. What this profound stupidity has done is kill trickle up economics 101, and is going to force people to work under the table illegally in order to gain employment. This is not equal rights and equal opportunity. Jobs that once provided priceless opportunity to attain skills and experience needed to attain better paying jobs now require skills and experience to attain. Once again democrats are stripping citizens of our rights to expand the liberal plantation.",1
"testing purposes: 

you are an idiot and i can't stand ignorant donutholes.",1
"Perhaps it will be animated and sort of drip and ooze, like a Dali painting.",0
I've never even noticed this place... but that damn fish/garden store has been an eyesore for years. It should be bulldozed.,1
"There's no tuition at most European universities, so the question rarely comes up.",0
"Yes, you welfare cowboys are such victims. Time to back away from the federal trough and, if you really want to be a rancher, find a place where you can do that profitably without a federal subsidy. Eastern Oregon is not such a place.",0
"how shameful, a jew practising eugenics",1
"I can identify with your feelings. I worked in the trenches in politics for 25 years, and that was in a place where Republicans run unopposed! I'm still recovering, but now pursuing other interests. As to the Sanders supporters, and I am one, they are just frustrated that someone who is truly left has to tackle the Democratic Party establishment to even have a chance to be heard. I'm not interested in attacking Hillary supporters but I do get angry when she shuts the door on single-payer health care. I cannot afford the ""affordable"" health care that is out there today, so I am seeking an advocate.",0
"Imago Dei & Pastor McKinley believe that gay sex is sinful and that gays do not deserve the protections that come with legal marriage.  That is treating them as second class citizens.  My friend Jason's love for his husband means nothing to Pastor McKinley, yet Jason's love for his husband is very much part of who Jason is.

Please source Pastor McKinley saying something in support of equality between a gay couple and a hetero married couple.

It has to be specific to homosexuality- I am not gonna accept some punt from the New Testament about loving everyone. I want McKinley saying that gays are equal.",1
"David, you ought to consider checking your facts rather than making things up all while being a bully and a troll.",1
"“Most high school kids across America today couldn’t identify a clitoris.”
That's the prime reason Google was invented.",1
LTD needs to be neutered.,1
The media views its 'job' as defining the debate so it can guide the electorate to its preferred result.  The fact that Trump and Sanders are demonstrating that they don't have that power is what has their knickers in a bunch.  They are finding out what the non-establishment voters know already; it sucks to be irrelevant.,1
"1211 N Loring is The Party Place, http://thepartyplace.com/   Not the East Coast company the Party People",0
I'll take crazy over incompetent. Morrison for Portland!,1
"that's because you have the debate skills of a child. you could not refute anything I posted, and like a child you boast of your uncivil flagging of posts you cannot refute that expose your profound ignorance. I expect people like you to behave socially retarded.",1
"WTF Schor & Sponberg?

Get real- Levoy Finnicum was a fundy Mormon terrorist who is now considered a martyr by a movement characterized by extreme racism (Aaron Campbell was marked by Cain and can never enter Heaven). 

Some nut job can and will try and kill the officer and his or her family.  Remember  that Bundy supporters threatened women, children and clergy at their homes in Harney County.

Both Schor and Sponberg are advocating a position that has a great chance of ending in murder of an Oregon law enforcement officer (or two).   They are accidentally siding with Bundy supporters on this one.

As always, Wheeler is the only sane person in the room.
Portland cops shooting civilians will still be identified.  But what is chilling is Schor's and Sponberg's willingness to let some idiot from Arizona show up at a deputies house and kill him.  That is a real problem folks, because the Bundys are actual terrorists. And Schor and Sponbergs are idiots.",1
"Mr. Robinson your speculations are entirely without value.  If you want to know how Trump feels about minorities, ask him.  The tendency of the media to avoid direct questions so that they can manipulate random comments is unproductive and manipulative.",0
Who's talking about starting any wars? You it seems.,0
"So let me get this right, 6 years in prison for slugging his roommate in the face while the other roommates were hiding in the bathroom? I guess young men are more like young women these days. Me and all of my friends would be doing life sentences if measure 11 was a law in the 80s. But that would be true if buddies tattled on each other back then. And went to the emergency room for a face punch. Times have sure changed.",0
"it's very sad that mr finicum died behind this action as it it does seem to have been fruitless.  the bundy-ites  wound up preaching to the choir and didn't turn any heads that weren't in that vein of thought already.  LaVoy should have stayed home with his wife and kids and taken care of business at home.  he died a martyr in only a few minds, the already converted.  for the rest of us it seems just a waste of a good  life. rest in peace la voy..very sad to have seen you go..",0
"You know, you just can’t make this stuff up!

Hillary barking like a dog.",1
"Mr. Lewin would have us believe that we can substitute student’s zip codes for standardized test scores. 

I believe that students who have been educated by activists susceptible to such logical fallacies and self-serving hyperbole have been disadvantaged far more by the professional shortcomings of their teachers than by the socioeconomic status of their neighborhoods.",0
"I speak from several experiences. I have firsthand experience with family members with mental disabilities. I didn't have to 8th grade because I had a 10th grade aptitude having taught myself. Oregon public schools made me a teachers aide for students with learning disabilities and that's what I did for that school year. Currently my adopted daughter is a special ed teacher. As for your ""or maybe you're just an idiot"" comment, I never expect people like you to post anything remotely intelligent as you are incapable of addressing what I posted. That would require intelligence.",1
You cannot end one fantasy by establishing another fantasy. Trump has masterfully proven liberals do not have a monopoly on stupidity.,1
"I am 3rd generation Portlander and we are proud of our town because we love it here. People flooded here after this show, raised our prices of living and then move back to California or wherever while pushing out families that have lived here for generations. Stay away if you don't like WIERDOS or rain...we don't need you!",1
"the RG can be an absolute embarrassment to professional journalism. We're no longer debating the issue of social parasites pawned off as ""homeless,"" we're discussing the intellectual bankruptcy of the RG censoring debate.",1
"Earth to Goldberg, it's been thirty years since Reagan was in office.  Time to stop worshiping at his shrine and look for  fresh ideas.",0
Clearly some context is needed around which Star Trek series specifically we're comparing against.,0
"I can't help but laugh when I see democrats/progressives pointing fingers at the GOP with an arrogance and self satisfied look of contentment on their smug faces and say things like "" the best bet for the GOP this election cycle may be to vote for none of the above"" ...Really? 

Let us not forget that this condescending nonsense is coming from the same people who just finished cursing the world with 8 yrs of the worst POTUS ever w/Barrack  Obama and who are currently running:
 1) A 74 yr old crazy, economically illiterate avowed communist who wrote in the 1970s that the country was close to experiencing a nuclear apocalypse or ""death by poison gas."" but it gets better ...He also claimed cervical cancer was caused by women not experiencing enough orgasms and when he launched his campaign in May, he actually blamed the abundance of consumer goods for child hunger. Oh and don’t forget how much women love being raped because Bernie hasn’t. 

2) and Hillary Clinton 

hahahahahaha",1
"OK. I get that people are easily duped. So who does Bowers think is the best candidate? Criticism comes easy to Bowers, and even good writing. He says we are ""uneducated"". Please educate us.
As far as Clinton, though I am no fan, what crime has she been convicted of? If she has not been convicted, then his charge ""criminal"" is yet to be decided in the courts. But as Bowers says, people believe things without proof. 
He also takes on the Clinton's for being the 1 percenters who are demanding that the 1 percenters pay their fair share of taxes. Isn't that making a case for your own group to ""own up""? Would he be OK with Sanders, who has little wealth but who demands that the 1 percenters to pay more in taxes?
Bowers denigrates the populace for political ignorance. But where can one find truth with Rubio insinuating that Trump's finger size indicate his manliness, or Cruz claiming a Democratic victory will result in sand blasting religious symbols off the headstones of graves?",1
"Nike and Intel already get special tax breaks from the state. All for the big corporations, but it is the mom and pop businesses that get harder than the corporate giants because, outside of Business Tax Deductions, they generally cannot bring in revenues to match their demands and don't get the Governor and sometimes unions to bargain for or special deals cut for them. That's all I'm saying.",0
"These thugs deserve the full weight of the law, they are domestic terrorists.",1
"What a ridiculous, click-bait article.  She has lived here part time for several years, especially after the new SK album was released.  She still does.  How is this article-worthy?",1
"This, my friends, is the calamitous state higher education is brought to when business types are allowed to run the show.
Universities are not corporations. Instructors are not managers. Students are not widgets or customers.
Tenure is a time-honored standard of higher education for one reason, one that is crucial to the functioning of a free and true university: it allows faculty to take positions that are against the norm, against popular opinion, and to foster open discussion. 
Without this guarantee, people like the ignorant chairman can put pressure on spineless administrators to fire those who teach positions they do not favor.
Time for a new chairman!
(follow the link to see how right-wing conservatives are gutting N. Carolina's universities http://www.thenation.com/article/how-right-wing-political-machine-dismantling-higher-education-north-carolina/)",0
"What a shameful, stupid anti-semitic comment.",1
"While I recognize that an R-G editorial doesn't have enough space to present a complete, factual analysis, it does merit more than the pathetic, formulaic reactions of the Luddites below.
 
As someone who pays a substantial tax, I support efforts to help young women find the true nature of womanhood, which I find so beautiful and inspiring.

You old farts need to go back to your Pinochle and let the reasonable and compassionate world move on.

-- Paul",1
I do love Yataimura Maru's ramen.   It is a perfect food for Portland's long winter.   And PDX does kick a little ass.,1
I have more than addressed everything you said as a coward debater who put me down about Singapore and how I should show you how it's done. Now you're running like a coward from the fight you picked because you're only humiliating yourself in public an ignorant boob who hasn't a clue of what you're talking about.,1
"It isn't just the criminal vagrants. Liberals are used to dealing with them as their events always attract vagrancy. A Grateful Dead concert or the Country Fair are prime examples. It is liberalism, a social disease, that is a cancer on downtown Eugene, that alienates. I had to stop vending Lane County Farmers Market though I came in the top 1% in sales. I averaged a pathetic $300 a week in gross sales because the manner these incompetent criminal liberals operate they alienate the spending consumer. I averaged $3200 a week vending Beaverton Farmers Market. Here the spending consumer goes to River Road to the farm stands.",0
"Having interacted with John Chally during an (unsuccessful) attempt to adopt, I must say, he has a finely honed sense for how to extract money from people who are desperate for a child and have nowhere else to turn.",0
"NE, there are certainly a lot of people like you in Eugene. You support the schools, want smaller classes, more money spent on education, and have a lot of faith and trust in our educational leaders. I had the same views on 4J schools  when I first moved here. After spending a few years studying education, I realized that the problem isn't money and it isn't even necessarily large class sizes. ( math classes can be effective with 50 kids, 1 teacher and a couple tutors; or better yet just put them in a computer lab with online curriculum saving big $). There are two major problems. First is a teacher's union advancing the interests of the teachers at the expense of the kids. The second problem is failed education theory that our local administrators and teachers have wholly embraced.  I hope more people like you stop blindly trusting the ""people in the trenches"" because they are the ones digging the holes.",0
"They are all equally odious , not for the views they hold which many oppose on simple ethical grounds but because of the general stupidity of human talking monkeys.  Holding desperately to dated societal structures and inequalities is the formula for a ruling class to ultimately fail. History is rife with examples. Of course the funniest is that inequality and racism are moronic from an evolutionary and biological standpoint purely.",1
"@Micheal Morrow  
""..Mormon minority membership remains miniscule"" I think you mean minuscule. However the Mormon church is quite successful recruiting non-whites. They have hundreds of thousands of members in Mexico, Brazil, the Pacific in particular. 
Ironically, while you might be slightly more open to a progressive form of Christianity, 91% of those types - mainline churches - are white. That's a problem, for them.",1
"Jordan uh-hum woyzeck,

Although this must be an embarrassing time, trolling only makes one look more desperate and pathetic.",1
"EPA gives a grant to stop logging.  Why would it cost $1.2 million to stop logging?  And really, the best thing states can do is to tell the Feds to keep their money and take a hike-from environmental issues or education, just go away.",0
"This is an interesting story, I suppose, but the analogy just doesn't work.  In order for the analogy to work Portland = New York City and that is absurd. Also, New Jersey is not a suburb of New York City, no matter how many people from that state commute to work in NYC.  I live in Oregon now (on the coast) and I'm from the east coast. I've lived in Jersey, I've worked in Manhattan and at one point I lived in New Jersey while working in Manhattan.  Semantic arguments  aside, one state is not a suburb of another state.",0
"Could it be the mirroring of admiration for GOP front runner Donald Trump, a misogynistic xenophobe, serial liar, bully, and overt racist with several divorces and bankruptcies?",1
"I think what we have here is a case when a coach gets so frustrated at the fact that his team (which he as probably seen play very aggressive against teams that mirror them) got on the court against a predominately if not all African American Team and wanted no parts of the competition physically. In a attempt to say hey fellas its basketball, hello!!! don't be afraid of them cause they don't look like you. Please fellas it can't be because they don't look like you. Damn it, it is. I can't believe this ish! Can you envision the frustration a coach could have if he believes his team is not playing defense because they don't want to touch a kid that is umm ""black."" Is this a far fetched assumption by coach Adelman? Did he handle it correctly, not sure but......",1
"It sounds like your perspective is that, until we have eliminated all ""Homicides, Rapes, Assaults, Hit and Runs"", etc. we should not enforce or worry about other crimes, such as Burglary, Vandalism, Graffiti, Shoplifting, Driving on the Wrong Side of The Road, etc. Correct?",0
"I'm going to smoke pot just to make this fair. Ten years ago we had just as many stoners as we do today. DUH. For decades the police have had to be trained for impairment, which included pot. DUH. We have spent hundreds of billions of dollars on prohibition that empowered the black market, and caused crime to increase. yet a simpleton like you fails to grasp youre profound stupidity has lost the war on drugs, people no longer buy into your refer madness lies/propaganda, and it totally sucks to be you. On behalf of the stoners of Oregon, thank you for your ability to continue to humiliate yourself in public for our entertainment.",1
"McKinney notes the problems we face and the options open to us by electing Sanders for President. Some will rightfully say that Sanders' ideals are too lofty. Congress is gridlocked. Corporations are too strong. The Supreme Court is too political. Yes, they say, it is hopeless, so just be one of the masses, accept corporate dominance of our Congress, accept that the 1% is getting half the wealth growth. They say, things are so bad, just be happy with incremental changes because that all you will get.
I have not given up on our country. I should not have to become an expert in healthcare, food ingredients, recycling process or educational institutions and loans to effect change. I still believe government can - with good leaders - do a better job than I can in the really difficult areas of protecting consumers. If we don't get Sanders, we tried. And we will be back.",0
"The irony is just too rich.  Whimpering about poor little ol' Greenland ... while riding in a big metal bird that spews hundreds of tons of CO2 into the atmosphere, every trip.  :-/  Ms. Heron, do you realize just how hugely you enlarged your carbon footprint, with that nice little jaunt to Europe?  Until you're a little less ignorant (and/or hypocritical) yourself, you're hardly in any position to hector others about what they might or might not being doing to the climate.",1
"Federal Child Safety Lock Act of 2005 effective April 24 2006 

 In October 2005, Congress passed and President Bush signed into law legislation making it unlawful for any licensed importer, manufacturer or dealer to sell or transfer any handgun unless the transferee is provided with a secure gun storage or safety device.
A “secure gun storage or safety device” is defined in 18 U.S.C. § 921(a)(34) as:
(A) a device that, when installed on a firearm, is designed to prevent the firearm from being operated without first deactivating the device;
(B) a device incorporated into the design of the firearm that is designed to prevent the operation of the firearm by anyone not having access to the device; or
C) a safe, gun safe, gun case, lock box, or other device that is designed to be or can be used to store a firearm and that is designed to be unlocked only by means of a key, a combination, or other similar means.
Dr Forester wants a law which already exists.  He needs to find  a new hobby.",0
Do not confuse these guys with facts.  They will not have anything to complain about.,0
I hate terroris sandniqqer! F u c k the homeless...,1
"Yes, we absolutely need to work to redevelop the EWEB property... it is a great location. But if Eugene continues to grow over the next 30 years at the rate it has grown over the last 30 years, we will need to do more than add housing there if we want to ensure that we have enough homes so that it remains affordable to live here without expanding the urban growth boundary.",0
"You're doing a fine job Lizzy, keep up the good work!",0
"I'll take ""Shitty Reviews"" for $600, Alex.",1
"I suspect that your views are slanted away from Vinis.  I  suspect that 'push polling' is in play by someone other than Vinis.  It is a truly stupid way to try an affect a voter; it develops people like Ms. Fischer into more vocal advocates for Vinis instead of just another voter who supports her.  Implying that she is a liar by saying this was 'her supposed polling experience' also puts you into the category of someone whose motives and moral values are subject to serious question.  I live in Springfield, so don't really have a dog in this fight except to call you out for your snide remarks.",1
"Imago Dei is part of the CB Network, which is political.

Here is what Imago Dei thinks but doesn't have the cajones to post:


""Along the busy road you'll find First Conservative Baptist Church. Behind its gates their message board reads: 
""Homosexuality is a sin choice. It does not trump my bill of rights.""

Marisol Riddell lives in the Mandarin neighborhood where the sign is posted for all to see. Riddell says she's uncomfortable with that message being so close to home.

""It's always too close to home whenever there's bigotry or homophobia,"" said Riddell. ""Because I love all of my neighbors.""",0
"We don't quite know what the change is yet, at least for the longer term.  All we know is that it has been badly managed.",0
"Mr/Ms so-called Brown,
I did not say anything about Latino nannies. Now did you come up with that kind of detail? Hmm.  

You speak of an integrated school, but from your statement it is clear that you are fine with any or all neighborhood families being thrown out of Ainsworth (""redistricted"") so long as you are not affected.  The worst kind of hypocrite is the one that does not even realize it.

BTW I am brown, so don't bring your racist BS argument here. Can you reconcile your statement with the fact that the Ainsworth SI program has so few minorities? Why are you so opposed to making the program more inclusive?",1
"The state of Oregon Department of Environmental Quality, and the Health Authority, are unable to accomplish their mandate for public health and environmental assessment because their regulators, the state legislature, erroneously sees such pointedly investigative contaminant sampling and assessment as being inherently politically and fiscally subversive. The legislature cannot  understand that environmental assessment with integrity of science SAVES us vast sums of money by finding and fixing our water quality and air quality mistakes so that we do not have to continue to make those mistakes, and continue paying with our health and money, on into the future needlessly. We need to vote (hire) legislators that can understand how contaminant assessment and reduction can SAVE far more money than it costs to do.
We may not have all the money we need at any point in time, but we must have the intelligence to place our identified problem onto the prioritization table for fixing soon.",0
"UPDATE : The President of the United States of America and his former Secretary of State Hillary Clinton blamed the Paris mass murders on an obscure internet video.

Oops!  My mistake; they only blame internet videos when our own US ambassador and his staff are murdered by these mohammedan psychos.

Thank you, Belgium, for handling reality better than the current clueless US government does.",1
"This reminds me of that Billy Connelly school story... When the kids laughed at something the dry and crusty teacher would ask ""What's so funny Mr. Connelly ? Answer: ""You'll never know you sad bastard!""",1
"There's a word for you welfare cowboys: stupid. None of you seem to know anything about how the refuge was established, what the constitution really says, and what the federal government really does. Move to Mexico or something, please.",1
"Beyond that, the Comp Plan is a massive and complex document with interconnected issues and policies that many folks have trouble fully understanding what it all means and how it might affect them. The meetings are usually quite dry, require large investments in terms of hours with no guarantee of a slot to speak. And each hearing covers a wide range of issues. It's not the kind of process that makes it easy to organize around policies, rouse the public, and find a way to speak in a unified voice--especially in a way that elevates the voices of those most vulnerable to displacement, climate change, and other major challenges like lack of adequate transportation access. 350PDX has promoted the Comp Plan hearings and has sent people there to speak, though at a certain point it becomes hard to distinguish anyone from such a large crowd with differing interests. <continued>",0
Please move back to California,0
Yeah. Fcuk supporting an astronomical fcuk,1
"The only part that was opinion was guessing the price of the latte. A full-time, minimum-wage worker in Portland in 2022 will make a gross salary of $30,680, regardless of where he or she is employed, thanks to the governor's signature today. Feel free to use your crystal ball to calculate tax rates, benefits and sick time six years from now.",0
"I was responding to the ""local incubators"" comment specifically. I support the incubators but I can do that and be realistic about their current impact. They have to be supported as a future job engine... I don't think 170 jobs produced from millions of dollars of investment is a win right now, and shouldn't be the metric, but it is what it is.",0
"But if they do this, all the panhandlers will go to Eugene !
Oh darn !",1
"I guess I would say that you, as a man, haven't had to deal with systematic oppression based on your gender and that you are part of the dominant group and therefore have the luxury of thinking that gender doesn't play a role in anything. And thank you for telling me who I want to vote for! I won't say it was your testicles that helped you do it, but I don't think they hurt in this situation either.",1
"""Bring your goddamn umbrella."" A++",1
"Wow. You prove the point made in the letter.  Just how many wars would you like to start at once?  Like The Donald, anyone who does not agree with you must be naive or stupid.  You believe other countries don't notice our attitude about education and take advantage of it? Good luck with that.",1
Good to know.,0
It's real simple ...if you want wage rates to rise ....get rid of all of the illegal aliens currently keeping then artificially low,1
Do you mean a PIO?,0
"Well, if the allegation in the lawsuit is true that there was a big truck wheel lying in the road, that caused the driver to have to swerve, that totally changes everything.",0
"There's a lot bad one can say about Schnitzer based on this story, and he stands an excellent chance of dying well before his son has grown up, but, as a 69-year-old who teachers Sunday school to 7th & 8th graders, volunteers with pre- and grade-schoolers, and has two grandchildren, I can assure you that you are completely wrong about a person his age's ability to relate and participate with his son.",0
"All of those are good ideas. One of the problems is that our local district attorney's office has steadfastly refused to prosecute drug dealers for years. They cite a lack of resources, but I suspect that if those dealers were ruining the DA's neighborhood those resources would be found before the end of the day.

As to the other ideas, Yolo County, near Sacramento, conducted a large trial of them. They took 63 people off the river, carefully assessed their needs, got them drug treatment and job training while housing them in a hotel, provided veterinary service to their pets, assisted them with outstanding legal problems and interfaced with the feds to help them get whatever benefits they qualified for. In the end, just over half of them successfully re-entered society. Yeah, we could/should do that here, imo.",0
"RG editors represent the comfortable middle class who see no need to change the way the US economy is run. Hey, works for them. It's not working for about half of the US population who are working-class or poor. For us the need for change is urgent, and it has to be enough change. If the statewide $15 per hour minimum wage initiative gets on the ballot I will gladly vote for it. Human nature being what it is -- we don't like change -- sometimes change has to be forced.",0
Some of the young 'travelers' are living a chosen lifestyle. I doubt that they realize that they'll be forty in a flash and sixty a few weeks later. Those on the street because of substance abuse have to want help. The mentally ill are underserved. There's more to a vibrant downtown than Eugene is able to offer. It's been poorly managed for probably too long.,0
"Jules is the candidate who attends an anti-gay, misogynist church.  I suspect the PAT didn't know that when they endorsed him.   Now they are in a bad position- piss off the possible mayor and hurt the union, or offend all the groups
that Bailey's church condemns as sinners.   I like PAT and I wish they hadn't endorsed a man who is deep down inside, probably a bigot.  Because he chose that bigot church out of all the churches in Portland.",1
"It's far more likely that raccoons killed his chickens, possibly even a fox or coyote or hawks. I've been hearing updates on how crazy this guy is for years and I don't even live in Springfield.",0
"Wish the officer could have shot for an arm,leg or stomach. I know that sounds silly . I know how they were taught to shoot and why. I just wish he didn't have to die. The overall impact I feel would have been greater if he would have had to stand trial. Their cause ,(because they were armed) was doomed to end badly. The thought, spot on.",1
"""This law subverts our ability to be watchful."" - You need to pay closer attention.  All this bill does is make current case law here in Oregon statutory.   The legal system is already operating on this basis, and no abuse has ever occurred.  

""Conflating the civil disobedience of a group who has to date never hurt or killed anyone with radical Muslim extremists is nonsense"" - No, they are very much the same thing.   Both are being tracked by the Southern Poverty Law Center and others for being hate groups, as well as being monitored by the Department of Homeland Security.  Both pose a real danger to the government and to members of law enforcement.   They are heavily armed, and often threaten violence.

You forget about all of the many reports that came out of Burns, of people being intimidated and threatened by the Malheur occupiers and their supporters.  Many people in Burns were scared.  Those arrested all appear to be very dangerous armed individuals, who are mentally ill.",1
"What's interesting is Windwalker is bringing up some pretty sensible stuff and many of you refuse to even discuss it.  What's also interesting that you are anonymous. It is you who look pretty foolish. You aren't fooling anyone with your bias.  Windwalkerr point is being illustrated though every erratic response 'your side' is making: All three are surrounded by unhealthy people..it's becoming apparent. None of you are able to have a rational conversation. Windwalker was not saying Mr Brown was innocent from what I can see, just that those around him and his supporters pretty neurotic..",1
"Why does Eugene keep obsessing about one corner of one street? Find another empty lot, or tear down the useless bus depot and develop that instead.",0
"""they and their parents entered into “formal accountability agreements” with prosecutors."" They won't see a dime of their legal costs back.",0
"And after they've (EWEB) convinced everyone to conserve water, they can raise the rate they charge for water.",0
Thousands turn out for Justin Bieber concerts too. It's still shit.,1
"This is not surprising at all, this is the way things work. I don't know who to point the finger at more, the millionaire who lends money without HIS OWN lawyers drafting contracts, or Travis, the self absorbed arrogant felon whose only real profession is spending other people's money. 

The industry, just like other industries, are influenced by money, lawyers, and lobbyists. 

People think it's soooo easy to become ""part of the goldrush"".  Newsflash, there is going to be A LOT of lawsuits in the next 3 years as people pour money into start ups that don't have the proper knowledge OR LEGITIMATE SALES CONTACTS to make the rec game work. 

I can not wait until all the southern oregon and central oregon growers are sitting on mounds and mounds of mediocre bud with RFID tags on them. 

Good luck with THAT!",0
"Ha, ha, ha!",0
"What a waste of time... this project hardly deserves this kind of coverage. 22 pictures and a lengthy article about --- wait for it ---- a remodeled golf green. Mr. Bellamy, you sir have way too much time on your hands.

PATHETIC",1
Oh.  I thought it was about greed.,0
I would hope that her sexual digression would limit her haul in the divorce.,0
"Pretty ironic that all these commenters are enjoying the fruits of British colonialism. Was it perfect? Of course not.  But let's see, the British basically brought the world standardized education, sanitation, and yes, human rights.  You'll tell me the honor killings, caste systems, and sexual mutilation of young girls was brought to the former British colonies like India and Pakistan by the British? Ask any resident of Singapore or Maylaysia if they would go back to pre-colonial times. And are YOU willing to give it all up and move back to where you're ancestors are from and live how they lived? Most likely you'll be crapping in a bowl and eating rat milk and scabs for your weekly meal. Put up, or shut up. That said, I'll probably pass on the restaurant.",1
"I sympathize with your concerns, but using your real name and personal information on any website, this or any other, subjects you to scrutiny down the road. If you do not give your personal information (as I don't), then the ""behavioral profile"" is worthless to any buyer.",0
"The Resturant industry has always fought for tip credit. It allows them to pay wages BELOW the minimum wage by counting an employees tips to satisfy the employer's obligation to pay the minimum wage. The employers often choose to employ workers less than the minimum hours to qualify for benefits and as parttime workers, they need the tips to get by. The reality is that workers who work lunch shifts or breakfast shifts do not get the high tip income. The reality is that nearly ALL these workers are not unionized and are subject to the employer's arbitrary assignment of hours...and number of hours...Most are also expected to share their tips with busboys, etc. . The reality is that employer violations of wage and hour laws in the resturant industry is among the highest of any industry in Oregon. That SOME fancier resturants have SOME waiters or waitresses in Portland  may  earn a higher wage hides the reality that MOST do not, especially outside of Portland's trendier spots.",0
"It's not actually. Diversity has inherent value. If you only hire cisgender white men, only the ideas, talents, and social backgrounds of cisgender white men will be available to you. Plenty of people take that option because of their subconscious racism/sexism/etc... From a libertarian perspective (one I've heard from libertarians, I'm not a libertarian myself), people who do not take diversity into account are robbing their businesses/organizations/bureaus of the success those varied backgrounds can provide - only thoroughly tapping the potential of about 43% of the population. 
From my own perspective (socialist-ish), a lot of personal ""baggage"" comes from my heritage (specifically from shit white people have done to my ancestors), and I ask for distributive justice. I'm happy to fight for that same justice for others, if they want an ally.",1
Just a note--even most conservatives and gun owners thought Bundy was a nutjob. Even his nutjob father thought he was a nutjob. That's nutjob squared.,1
"When Piercy was running for re-election as state rep we crossed paths. She told me if I voted for her she would work hard to restore school budgets to adequate levels. I asked a simple question: ""what is the school budget per child now?"" She pretended not to understand the question so I rephrased it; ""how much as we spending per child on public education?"" She finally admitted she had no idea the answer, and so I asked her: ""if you do not know what the school budget actually is, how do you know if it is adequately funded or not?"" She wouldn't answer that question, and bailed. I am hard pressed to think of a more incompetent, uneducated fool, to hold office than Piercy.",1
They are terrorists pure and simple.,1
Thanks!,0
Grow your own :),0
"No potty mouthing in the editorial DR. But potty mouthing is now front and center for the GOP ""elite"". For example, Rubio's reference to Trump's lack of anatomical size and leaky plumbing. Embarrassment and shame on him. What's next, spitting?",1
"Fun times!

The fraud is over.

https://supremecourtcase.files.wordpress.com/2016/01/demand-for-payment-of-damages-31-federal-actors-january-28-2016.pdf",0
"I would think ""nano""guy is probably pretty accomplished in his field to have gotten the position he has.  probably not the kind of bull hockey ""qualifications"" of some of the U's choices....
   and I'll never believe a university head is more valuable that someone doing significant research to deal with cancer  sorry.",0
"Interesting review, with all respect, I don't question your opinion on this but what kinds of movies do you like?  Thanks.",0
also thanks jay,0
"""There are whole departments at the U of O where the professors do little more than identify racism in everything but the milk we drink.""

I have to question your ""sincerity"" when you make a comment as utterly ridiculous as that. What departments are you referring to?",1
"Direct federal grants, state grants of federally provided money, and other federal funding gimmicks for feel good ""stuff"" like bike lanes, transit projects, shared bike programs, etc.",0
"Is the real point of this article to show that the ""Ban the box"" legislation will be a disaster?

A less sensational headline would be ""Black people violate their parole and probation terms 11x more often than whites""",1
The Troll is strong with this one.,1
"So, a bully is worse than an incompetent and irresponsible pathological liar or a guy who's economic sensibility wouldn't fit a thimble?",1
"The state is acting like the cop, a sore loser.",1
I think folks are allowed to be saddened by Portland's loss of character while knowing more housing needs to be built. Sucks. Everything changes. Nothing good lasts forever. Etc.,0
"We requested a refund for all years paid.  Hope to receive it within 2 weeks.
See KGW Portland Couple Demands Arts Tax Refund.  Terry Pinnell",0
"As expected. Create a ""jungle"" and expect that there will be turf fights over who can run it, who can camp in it. Mix in predators and vulnerable, dysfunctional and/or disabled ...and its a nightmare.",0
"Seems like I touched a nerve by calling it like I saw it. Sorry it bugged you enough to attempt a defense, but the fan letter speaks for itself, as does your failure to do either your due diligence re: Red Sauce, or to write a correction once your error was pointed out.",0
This is pretty much exactly how I feel. Damn.,1
"Gosh Pilot, you've solved the entire issue of poverty and homelessness.  Let's see: teen who have fled an abusive home need to get a job; addicts and chronic alcoholics just need to ""get a job""; Vets with PTSD ""just need to get a job"", severely mentally ill individuals ""need to get a job"", the developmentally delayed ( mentally disabled) need to ""get a job""; abused women with childred need to ""get job""; the elderly trying to live on Social Security need to ""get a job.""  You suggest that ""most"" homeless people are alike and all they need to do so ""solve"" their homelessness is to ""get a job.""

It would, in my opinion, benefit you to study homelessness and poverty and the many, many different issues which lead to those conditions.  You might also study the idea of Housing First, a program which has been very successful helping needy individuals take those steps toward working their way out of poverty and homelessness.  Simplistic solutions seldom represent real solutions.",0
"You're an idiot! Period! As a 53 year old woman, I love Bruce's music and him and his music is still relevant to me today as it was in 1980. Thanks for putting our guy in the media again. Idiot!!",1
"uh-huh.

thanks for the pointless monologue.",1
"The IAAF meet is for the glory and enjoyment of a very select few.  It will have no lasting positive impact on Oregon's or even Eugene's economy.  The sponsors have asked the University to alter its Summer Term so those damn students won't be in the dorms.  They've asked University area landlords to change their 12 month leases to 11 month the year of the meet so the students can be ""kicked out"" of their apartments for the month of the IAAF meet.  They initially just wanted $25 million of taxpayer dollars.....didn't work. Now they introduced an ""end run"" to still get the money.  It's hasn't worked exactly like they planned so they're in a ""stage three"" pout.  

Can they perhaps see the irony in complaining that Portland area legislators are being ""selfish"" when the proposed IAAF subsidy benefits a small, very select, elite group of individuals and business interests in Eugene, with no benefit statewide.  

Put bluntly.. "" Phil and buddies: Fund Your Own Damn Track Meet""",1
"Not much show of support for the Bundy gangs patriarch or fake patriot overreach. In a Constitutional Republic we vote for change, contact your representative. It is not the 1850s Mr. Bundy.",0
"Some people are so dumb that they will vote for Vinis just to find out what ""etc."" she will bring.  Careful though.  The impact-tentacles of the progressive movement can be long and very destructive.",1
"In driving, mistakes happen.  They have always happened and always will happen.  Prozanski apparently wishes to hurt those drivers who make mistakes by providing life-long stigma of felony conviction.  Good bye jobs.  Welcome to higher prison populations.  Welcome to more welfare and more street people.

The law is a very bad idea.  Split second decisions may be flawed in retrospect, but still not intended to be malicious.  When police kill people, they usually say they did it because they had to decide in a split second so that even when the dead citizen has no weapon and posed no threat, the police are justified because split second decisions are often flawed.

If we truly wanted to save lives and prevent injuries of pedestrians or bikers, the laws would be fully reciprocal applying penalties to all parties who could have avoided each and every accident.  Placing the burden entirely on motorists means that only one set of eyes stands between life and death rather than several.",0
I can summarize this article in a brief sentence. Hypocrisy is rampant in Congress and has been so for years.,1
so where s your proof? its easy for shit talkers like you to acuse when hes not here to defend himself. id like to take a peek into your closet jim.,1
"That use of the term ""lost"" accuses me of being uncertain without any rebuttal as to why I should question my claim. Your defense of Callihan with such a maneuver sounds like you have no evidence to back up your statement of confidence in his abilities. 
What evidence do you have that it was a FAUX lawsuit? Anyone can pontificate on the 'net, but doing so without substantiation only makes such assertions blather.",0
"Tilikum once had a Mom and a family too. How would you like your kid ripped away from it's family so that somebody can smile? Unacceptable and ridiculous.
With the advent of social media there are a plethora of 3D experiences for kids to smile such as audio visual materials. There is no justification for treating any living being with whom we share our planet this way.
Imprisoning a free ranging orca in a concrete tank performing stupid tricks for food just so kids can smile?
Outrageous.",1
I hope the woman gets help and leaves the jerk permanently.,1
"“Will Whiteness History Month make all white people hate themselves? Will white students cry themselves to sleep for the rest of their lives?”

Hahahahahaha. This makes me very happy. The whole idea sounds a little bit ridiculous but it’s bound to spark some real political hostility! Hoorah for PCC.",1
"Um, Casey Scott's Portland Anthem  
https://youtu.be/kWGEPScrhyQ",0
"If I were either the mayor of Eugene or the president of Downtown Eugene Inc,
I'd be eating lunch and otherwise hanging in the square every day and/or evening, inviting my friends, coordinating events, doing what I'm supposed to do to make it better supervised, more inviting, ""safer.""  We'll always have good offers to sell the heart of Eugene.  For now, DEI etc. needs to focus on making what we've got there better.  Thanks you for reading this.",0
It sure as hell has worked in making the very real point that wweek are being hypocrits in their attack of the restaurant.,1
And some how you believe that YOU matter to the democrat political establishment? LOL... Anyone I repeat ANYONE who is stupid enough democrat or republican to believe that they matter to the political establishment beyond giving their occasional slave vote and buying into their bull feather of promises gets what they voted for which is about 99.9% cow dung.,1
"Oh believe me I know we are in a housing shortage, but what we need isn't new close in apartment complexes. We need some good old fashioned sprawl.",0
"Martin, why hasn't WW (or you or Lizzy) led a boycott of PBS's show ""Colonial House""?  Why no boycott of local television stations that accept advertising from Colonial Williamsburg?  Why haven't you guys led a movement to change the name of the homes in Portland advertised as ""Colonials""?  Why hasn't the Willamette Week advocated for changing the name of Pioneer Square? And so on and so on.

My guess is that it may be either that you recognize that words do not impart all their meanings and histories at once and that there are both innocuous and offensive uses of many words or that this is just cheap political opportunism and you don't give a shit about one small business woman being railroaded for, at worst, a misunderstanding.",1
"""More insane authoritarian garbage from prosecutor Floyd Prozanski"". 

You nailed it!",1
Killing terrorists before they kill us is a valid foreign policy.,1
Story is fabricated!  Why would ISIS be stupid enough to even try?  The writer should produce some credible evidence before even publishing this story .,1
So I'm not completely clear on this.  Would wearing big sombreros have been more PC or less PC?,0
So ignorant.  Not everyone has a life set up to buy a home.,1
"The GOP doesn't act on their values vs the left that doesn't even pretend to have any values. That's not a very tough call to make Ryan. Hillary Clinton will be indicted that much has become clear and crazy Bernie da Bomber wasn't even a successful senator...and values? No one ran from his values faster than Bernie. But lets start with the crazy part:

He wrote in the 1970s that the country was close to experiencing a nuclear apocalypse or ""death by poison gas."" He claimed cervical cancer was caused by women not experiencing enough orgasms

When he launched his campaign in May, this economic illiterate blamed the abundance of consumer goods for child hunger

Don’t forget how much women love being raped because Bernie hasn’t.",1
Needs to happen in that cess pool coast town of Florence. Homeless have taken over that town and they refuse to open a homeless shelter.  They all live in the dunes across from Fred Meyer. Already had a murder happen over there in the homeless camp.,0
"Aside of a few morons I don't see many sane people using Uber. 
A nice marketing gimmick but that's about it.",1
"Lol, then it is safe to say you're either clinically insane, or an idiot. Try reading up on the topic, you'll find the silly myths in your head will disappear after that.",1
Trump is an evil man and best represents the nature of his evil flock.,1
I'm looking forward to trying their Irish Blue Plate special which is just a plate with a picture of Cromwell on it.,0
"I see CJ101's opinion as one of fear,  saying it is ""scary, scary times"". I also think this is what happens when candidates run on a politics of fear. The Muslims are going to kills us. The Mexicans are taking our jobs. The Chinese are cheating. Ted Cruz knows how to stimulate our genetic predisposition to react to fear when he said on Meet the Press: ""If Hillary Clinton or Bernie Sanders wins, or for that matter, if Donald Trump wins, ...we will see the Second Amendment written out of the constitution. And another thing we'll see, and this is very relevant for conservatives in South Carolina. If Donald Trump is the nominee, or if Hillary Clinton is the president, we will see unlimited abortion on demand throughout this country, partial-birth abortion, taxpayer funding, no parental notification. And we'll also see our religious liberty torn down, our basic rights.""
Fear works. THAT is what I fear.",0
"Oregon # 9...geez , you just gotta believe the RG would get this correct wouldn't ya?  It's no big deal 9 vs 8 but as long as you're gonna reference a number it should be up to date...",0
"""no, workers do not have the right to organize like terrorists, and shut down a company in extortion."" Yes they do and they're not terrorists. You enjoy the fruits of generations of union workers who fought for safe working conditions, 8 hr shifts, and time off for maternity care. 

You're not self-centered are you?",0
"To blame evanagelicals for beating gays 500 years ago, when the movement only came into being less than 50 years ago show your ignorance.",1
Gomen be siga is on the menu at Bete Lukas and probably other places I don't know of too. Makes me wonder about the accuracy of the rest of the review...,0
"It is unacceptable to use chemical products on private property in such a way that it damages the economic potential and livelihoods of the adjacent farmers. Nobody has the right to maintain their tree plantations in economic production at the expense of the neighboring agricultural production on private property. It is wrong to produce your crop of trees by destroying your neigbor's crops.

Private property owners have solid rights against trespassers, and that should be applied to chemical trespassers also. You choose what you do to your own private property, but let others choose for their own property. Don't limit how your neighbors can make their own agricultural decisions.  Don't destroy or disregard the value of your neighbor's products or business. It's not yours to ruin. 

Pandora's box of noxious weeds has been opened by the foolish yet profitable practice of clearcutting, and no spray cocktail can supress them fully. Now these weeds are evolving herbicide resistance...",1
NIGGER,1
"I have set up and contributed to accounts for all my grandchildren in the Oregon plan.  Having said that, I have decided to stop contributing and adding to those accounts.  My initial motivation was, of course, helping out my kids and grandchildren, by easing the costs of college down the road and secondly getting the 10% tax credit on my Oregon State income tax.  After learning more about the fund, how it affects the parent/child's ability to qualify for financial aid, however, I decided there are better ways to help my grandchildren in the future regardless of the tax credit.  Also, as the article indicates,  several states have 529 plans that consistently out perform all categories of the Oregon plan and have much lower fees.",0
"The Aladdin gave specific instructions on their facebook page as to what to do if you bought your tickets as a ""gift"" or were given them as a ""gift"" but they hate scalpers.  Riiiight",0
"Yes, it is unfortunate that the actions of the occupiers will prevent it from being open right away.",0
"Trump is the other side of the Obama coin.  Both have the same personage: narcissist, sanctimonious, mendacious, pharisical, and complete charlatans.

The only difference is the ideology.",1
"All you people defending this guy have no scope of the matter. I am a neighbor and this guy has been terrorizing the area for yrs. If you were here in this nhood you would be singing a different tune I guarantee.
Furthermore,  killing the neighbors pet because of boundary issues is ridiculous.  Has anyone ever thought of knocking on the door and talking with someone and figuring it out? Or is ""just kill it"" is all you can come up with?  The man is a psychopath. Why don't you come up to his house on s4th and d and look at what is on his fence.",1
Google Street View.,0
"We're just voices ""crying in the wilderness"" of public opinion.  The ""big hitters"" in the state back this bill which will benefit only a very small segment of Oregonians.  Nike, Phil Knight and his buddies, and officials who see the door opening for them to get millions in tax payer subsidies for their pet events have spoken.  

This started out as a bill to get 25 million dollars of tax money for the IAAF meet.  When the supporters realized that idea was DOA, they broke out the lipstick and rouge.  The bill is now heavily ""tarted up"" and likely to slip through the Senate as it did the House.  

It an idea which, if submitted to the voters, would fail miserably...likely would be defeated 3 or 4 to one.  But legislators remember ""money is speech"" and are very careful to listen attently to those with very loud voices.  

Lost of lipstick, lots of rouge, lots of perfume, lots of narrow, but very powerful support.......but, in my opinion, underneath it's still a pig.",1
"I rather resent the notion that I am supposed to ""get over it already"". I have a mother to talk to me like that. 
Many people have difficulty determining what is an opinion and what it a fact. But that is my assessment based on years of teaching.",0
"Oregonians should see this purported tax on corporations as another attempt to implement  a sales tax but without any purchase exemptions. First, this is not a tax on corporate profits but on sales. Except for border areas where consumers have a free choice to shop across state lines ALL the places you spend most of your money will be able to directly pass this added cost on to you, as most of their competitors are in the same boat. Not just Walmart but Winco, Walgreens, & Guaranty, and on down the line.  As for gas for your car, maybe there is still a small one owner station with sales under $25 million but he for sure be buying from a distributor who will be adding it to his sales. 
Second, unlike an actual sales tax with provisions for resale - to prevent double taxation - the corporate sales tax could easily multiply. A grocery store often buys from local businesses, the local beverage distributors for instance. Their 2.5% increase would be added to Safeway's 2.5% increase.",0
"CSPAN has the video if you want to watch it.  

During a 1992 Senate floor speech, Joe Biden said President George H. W. Bush should wait to fill any Supreme Court vacancies until after the presidential election. 

“It is my view that if a Supreme Court Justice resigns tomorrow or within the next several weeks or resigns at the end of the summer, President Bush should consider following the practice of a majority of his predecessors and not, and not name a nominee until after the November election is completed,” Biden said at the time. Biden went onto say that delaying a Supreme Court nomination until after the election is what is fair to the nominee and essential to the process.

The floor comments were made on June 25, months before the 1992 presidential election.",0
"Mass transit is just another form of self sustaining government and  TriMet is a prime example of political thievery from good honest hard working citizens of Oregon.  LTD has done and is currently doing little different in following in TriMet footsteps. This is what you get when the Demonic are in charge of government affairs, “taxation without representation” pretty much sums it up.",0
"How about back when black/hispanics used to live on MLK Blvd. instead of California transplants and yuppie hipsters alongside their organic food grocery chains and microbreweries?

I don't see this gentrification stuff going away.  Pretty soon, all the young white people of the next generation will be making similar claims about the good old days when Portland was ""weird"" instead of the semi-Oakland/semi-SF situation we'll have in 10-20 years.

People in Portland are so clueless sometimes to the things that don't happen to them.",1
"Well shit, they drafted a guide.  We should all be good now, whew aht a relief...",1
"Sadly the jobs are mostly minimum wage, part time, no benefits.",0
This tax raises $21 million a year when according to the city they need at least $200 million a year over ten years to deal with the decades long neglect to our streets.   Until the council comes up with priority budgeting out of existing revenue streams (utility franchise fees and general fund money) of at least $100 million annually this accomplishes absolutely nothing.  JUST VOTE NO on this idiotic scheme.,1
"garycrum's definition of ""troll"" ........ anyone who disagrees with his narrow minded narrative.   

He despises the use of labels ...... except when he does it.",1
Seems like you don't really know many young people.,0
"Domestik, 
I find your comment is muddled, to say the least. Must be tough to fill x-amount of sarcastic, passive aggressive comments. One would know you have to continue to read the story, as the news wants you to. Hense, the attention grabber. Made ya look, didn't it?!",1
"The media is running scared now.  With Trump amassing victories they can no longer simply write him off as impotent.  Yet, in the media stories, the presumption is that the writer and reader are on the same page and confused about how stupid Americans are in supporting the Donald.  For a change, this will be an interesting election year.",1
"what these profound idiots fail to grasp is if the cat owner were responsible for their pet, their pet wouldn't be dead. These scum think it is okay for their animal to destroy other peoples property and kill 1 billion song birds every year. Now, if a dog owner allowed this crap they're getting ticketed.",1
Now obviously the Baptist Church and possibly Imago's leadership has had a more negative impact on the perception of homosexuality.  Bailey holding views that differ from traditions on such a small (biblically speaking) issue I don't feel is something that should stop him from being apart of the positive change in how the church interacts with society at large on the issue.,0
"Part 3
The owner of Remedy Wine Bar (which closes in days) asked people why they sh*t in his doorway when there is a Public Loo nearby.  Answer: Drug Dealers don’t allow them to use the loo; they’re doing business. 

Allowing that segment of the squatters who suffer (a) from mental illness or (b) addiction to rot outside is not an act of compassion.  If the Police may not engage, then they cannot triage.  YOU and Mayor Hales are, literally, killing them with your kindness. 

If you think I’m an illiberal jerk, I’ll tell that I gave a year of my life (unpaid) to the Democratic Party in an effort to make Oregon a one-party state.  

Now, it is time for Democrats to evolve.

P.S.  Would you prefer a locked gate or armed guards?",1
"Sorry to have to do this, but just to see if profanity filtering is enabled: fuck.",1
"It's simple really. Keep the urban renewal district going, wait another forty years to see current changes deteriorate, then extend the urban renewal district again to improve those deteriorating items. It would be a perfect plan from the Councilors to follow City staff from behind.",0
Many people have suffered financially since the economy slid back in 2008. I don't think that means they aren't qualified to govern.,0
"The Fourth Estate is failing us in every way!  Shooting from the hip in order to scoop the other biased, lying newsies is getting soo old! Dogpoop on your shoes!",1
Curtis:  do you like fighting alongside an enabler of a sexual predator?,1
"At no time are you capable of offering an intelligent discussion. Your posts are better served on a public restroom wall. I enjoy the fruits of my hard work and my ability to negotiate my own wages. And yes, they are organized crime and why unions are historically ran by the mafia.  But now I am confusing you with facts again. Now, as for fighting for safe conditions, that would be my non-union mother who was a founder of an organization that grew to 10 western states with 3500 members working with industry and legislators to bring to fruition the safety laws protecting workers today. She always made better wages than her union peers. But now I have further confused you with facts.",0
Is this something I'll be able to install on my site? When will you be releasing it?,0
"No he did not. The communist media lies. Obama lies. The Democrats who voted for Obama lies. The FBI defending land grabs lie. The BLM lies. You lie. You're on the wrong side of history, only you're too far gone to realize it.",1
"So the unionists hate you and you hate the unionists. 

Seems about right.",0
"Oregon is fortunate to not be like most athletic programs requiring tens of millions of tuition dollars be spent subsidizing the arms race of those programs. 

However, it is worthwhile to consider that football makes a lot of money and spends a lot of money--the two are not completely intertwined. Every football program in the country could agree to spend no more than $2 million dollars a year on head coaches, and tax athletics for 10% of TV revenue and they would all be running break even and the football programs would be just fine. Likewise, the foundations that court donors could offer season tickets for donations to any part of the university rather than just athletics, or do a better job of showing potential donors how their dollars could help with other programs. 

I think tax-exempt organizations also have a responsibility to show restraint rather than funneling money that could be taxes to very high personal salaries.",0
"OMG, a FORMER Eugene man!",0
"I think Wweek is in a strange spot with that.  Their comments can be active, but they're nowhere near as busy as say, OregonLive.  Forcing the writers or other staff to monitor comments might be overkill.

I definitely get a newspaper not wanting outsiders handling that, for fear of confusion and accusations of bias.  It seems like every OregonLive comment thread has accusations of bias due to deleted posts despite repeated insistence that comment moderation is not handled in-house.

I've also seen several communities where conforming to the political view is more of a metric for desirability than anything to do with tone or actual content, and mods reinforced that.  The results of volunteers may....vary, to be polite.",0
"It's not her practice to comment.... BUT......... she's going to comment..... ""we do not anticipate charges"". I wonder why Amy? I am sure money, ego and other tactics have a part to play. What a joke to call this law. And nice non-comment comment. Slimey layers, fraud lobbyists and sucker politicians. Yep, the white colony version of cannabis in Oregon sucks like the rest of the country thanks to people like this.",1
Definitely - SILENCE those wrongful feminists for pointing out an obvious gender bias.,1
"Ordinances such as this are long overdue. ""Ignore fellow human beings""? No, I don't ignore, I have to keep my eyes on them because I wonder if they're going to walk in front of me, and I also have to keep my eyes on the cars in front of me which may stop suddenly because of their presence, and I have to look out for real pedestrians and bicycles and other cars and traffic lights. 

These people trying to capture our attention and get us to stop are an unnecessary tax on our attention. And many of them reject food, they just want your money to go buy cigarettes and booze. They get their food from dumpster diving, which is where they also get their cardboard for illegible signs, which wind up littering the corners along with the rest of their waste.",0
"Facts arent irrelevant. And i dont disagree with you that college is not necessary or desirable for every student. Welding and plumbing can be far more lucrative than a BA in Sociology, and if someone can teach themselves c++ and java and coding interview problems well enough to get hired without a traditional CS degree, more power to them. What I am saying is that I dont think the article is blaming the students nor anyone in particular, its just saying something is broken and here are some remedies that have been shown to improve outcomes for the majority of students.",0
Way to go Ducks!!!,0
"Who:  I certainly didn't say ""all Christians"" were operating Ponzi schemes either.  I am  not a member of Mr. Shockley's church (or any church), but I do know he was very involved and active in that church.  You note that ""someone of such low character was passing themselves off as a Christian.""  You think that's bad.  Based on your assertions (unsupported, by the way) it seems that, even worse, ""someone of such low character was (also) passing themselves off as a Democrat.""  These damn lowlifes; they're giving both the Christian Church and the Democatic Party a bad name.  Whatever shall we do?",1
"Jules Bailey would have us overlook his church's discriminatory policies simply because he says he disagrees with them.  And anyway, ""we're family"", as if it's just his crazy Uncle Imago Dei in the attic.

Mr. Baily's religion is his private business.  Nonetheless, as a candidate ""running to be a mayor for everybody"", the organizations he chooses to join are a very valid indicator of his beliefs and values.  (Jules, there are hundreds of churches which do not deny civil rights to the LBGT community.  Did you even look?)

Portlanders care deeply when a mayoral candidate chooses to join an organization which denies civil rights to any group.  What if Mr. Bailey chose to join an organization which denied civil rights to blacks?  Women? Moslems? 

As they say, Mr. Bailey, ""you can choose your friends but you can't choose your family."" In this case, you have chosen to affiliate yourself with ""family"" which denies the LBGT community full civil rights. Portland voters will not overlook this.",1
"Smoking ban enforcement?  Can we extend our police that much farther?  Do we expect smokers--many of whom are homeless--to pay fines or go to jail?  Laudable, but let's focus our resources more realistically.  Is there someone who wants people calling 911 for a smoking situation?  We can't control littering, copulation, defecating in bushes, alcohol consumption, or drug use in the parks.  We can't even control sleeping in parks.  Because we can't outlaw homelessness.

If we seriously want to attack public smoking, then make it illegal in all public places.  And hire some more police to enforce it.  Other cities, including Seattle, have done that.  This ban targets homeless people unfairly.",0
"Joshua, why should the editors, who took the time to educate themselves and who likely worked stepping stone jobs to get where they are at, try to live on $9.25 and hour? Honestly, the market should dictate what minimum wages are, not government. Why should people of different skill levels get paid the same ""minimum"" wage? 16 year old Johnny who has never held a job before probably deserves $3.50 and hour while 20 year old Jenny who has several years work experience could be worth much more. I've said it before and I'll say it again...
It would be nice if simply raising peoples wages by a few bucks an hour would end poverty but it won't. Change has to happen within families. Intact families with an emphasis on school, good money management and an appreciation for delayed gratification are key foundations to start. Be goal oriented, improve your skill set and you will earn much more than the minimum wage.",0
"putting a criminal in prison so they cannot prey on society is cruel, but cutting off their arm is humane? That is as moronic as anything I have seen PC liberals posting in this forum have said.",1
"Or just drop out and go hang out downtown and relax to his heart's content. I'm going to post this and the three-day weekend letter on the bulletin boards at work, and bring them up at staff meetings. I've also sent a letter to Salem to see if we can get reduced workdays and reduced responsibilities legislated. Of course, to make up for the reduced hours we'll need an even higher minimum wage.",0
"hire someone who is NOT a cis-het white man, even if that person is the most qualified (because he’s had the most opportunities)

That is Straight up racist and sexist.",1
"thanks Mike.....I'm sending you an email right now.....cheers, Gary",0
"Mr. McFadden, with all due respect, I can see why you think the feds are using terms that are "" being used in a highly calculated, sensationalist, and emotionally provocative way.""  However,  I'd say those 'occupiers' and their supporters started it (using word that are 'being used in a highly calculated, sensationalist, and emotionally provocative way') so perhaps they are getting a taste of their own medicine.",0
Interesting idea!,0
"If you can't spell the word 'appetizing' correctly, you can't claim to have gourmet taste.  Soul food is for the hard workers, the country kin, and people who don't need their ass kissed by a waitress.",1
"It is very stupid decision, because people after 18 can decide if they want to smoke or not.",1
"AND Left wing trolls!

Just because someone agrees with you politically doesn't mean they're doing so civilly!",0
"So, Ms. Ricci, you weren't ""embarrassed"" by W's two ridiculous and costly wars, Katrina, his melting down of the economy?
Okay, we welcome you to the saner side of politics, better late...",1
"What a surpise. Given that the rest of the day is the worst sort of vile trash from loons who are an insult to any true conservative. I guess I will have to find another way to listen to the Ducks, which was the only other thing worthy of listening to.",1
That hat must smell if he wears it every day..lol,1
"$65,000 dollars?
Really?
You people are so out of touch with reality.
Throwing around $65,000 dollars on a fence, to keep people from sleeping under a bridge? It's shit like this that can make a person hope the system burns.",1
"It is a scientifically proven fact that people who kill defenseless small animals are sick in the head.   They are mentally ill sociopaths, and a significant danger to society.

First degree animal abuse in Oregon is a Felony, with a mandatory sentence that uses category 6 in the Oregon sentencing guidelines.   This man's long criminal record and status as a felon will insure that he receives a very long prison term indeed.  

Why do you flout the law like this, and have such utter disdain for it?    And why on earth would you support such a career criminal and scumbag, like this man is??",1
"Now, now... As the proponent of your incorrect glass-house assertions, which are incongruent with the facts, don't be throwing any stones about dumb assumptions.",1
Domes it says hasn't been ruled  a suicide. They just worded it weird. Which raises the question... All these people are supposed to be believed to be dying of natural causes??? Right.. all along the bike path.. the girl previously referred to as Jane doe.. also near the bike path... There was a male body found near the bike path out w 11th a month or two ago never heard much more on that one. Then there was that Noah guy who was found it the drain ditch last May... The lady in the parking lots of the apartment complex which I believe was last month... Wtffffffffff!,1
"You are in denial about your anti-gay attitude.  Yes, I don't say ""sky god"" around Jason, but he doesn't try and wrap up prejudiced, antiquated and intellectually dishonest junk in religion-scented wrapping paper to pretend it doesn't smell.

There are very few references to homosexuality in the Bible- far fewer than references to menstruation as ritually unclean, or the appropriate time to kill babies, or how to beat slaves properly.  

Young gays have a higher suicide rate.  Promise me you keep your homophobia to yourself and don't try and influence others in any way on this point.",1
"Last time, and I do mean the last time, I took Uber, my credit card was charged for several special fees I hadn't heard of. (Yes, they showed up on my phone before I completed my transaction, but by then it was too late to make another ride choice.) I decided not to use Uber again, preferring the upfront pricing of Portland's traditional cab companies, where charges doesn't fluctuate hour to hour, day to day, or week to week.   It's too bad, I've always had courteous and helpful Uber drivers.",0
"$55 to see Dave Chappelle is already pretty damned steep. 

That MULTIPLE shows within the same city would sell out in minutes, if not seconds, is literally INSANE. That tickets to see him (or anyone) are going for $400 online makes me want to move to another planet. Humans suck.",1
"liberal dementia, a social disease that knows no shame, often claims Reagan broke the unions...because he enforced federal law on 1 union in criminal violation of federal law. It is impossible to have an intelligent intellectually honest discussion with these morons as they are as shameless liars as it gets.",1
http://www.tacticalshit.com/,0
More evidence that liberalism really is a mental disorder.  This is the stuff that's driving Donald Trump's popularity.,1
"As  homeless teenager, I decided to stop riding riding trains in Portland to see where that might take me. Ten years later, I am a ""three percenter"" due  in large part to Portland's amazingly kind social workers and the city's generosity. I have since helped others in similar shoes,  and it's true  that it is difficult to calibrate and standardize an objective metric for measuring success in the realm of social services' effectiveness. And truthfully, a lot of it  comes down to the individual person. But regardless, I choose  to continue living  here because Portland is not Seattle or San Francisco where dead homeless people are stepped over and where  I have been scolded for buying homeless folks a cup of coffee.",0
"Thank you, Ms. Kitty for pointing out with your endorsement the candidate I will never, ever vote for.",0
"Best hope against what? The neo-fascist politics that they have been promoting since the 1980? Using hatred and anger as weapons against their political competitors is something they have been doing for quite some time. Are they upset at Trump for being too openly fascist? Was their plan to continue using subtle poor bashing and subtle racism to slowly but surely poison the minds of Americans against each other? In our history we have had presidents who prided themselves on knowing many languages and knowing how to play instruments like the violin and the piano. We have had presidents who were soft spoken, gentlemanly and diplomatic. Now look at our modern politicians. They are brutes who can barely speak English and pride themselves on their cultural ignorance. They are forever praising war and forever mocking diplomacy. They are the perfect fascist politicians for a nation that has been educated to have a fascist mentality.",1
"This is my first ever comment on an article. 

Dear author, go fuck your self. You know nothing on this subject. There are lots of bridges for you to jump off of here in Portland do us all a favor and give it a go.
Thanks
Chef Scott Andrew",1
"""...hair trigger firing?""  

No, not really.  

""Let's step back for a minute and consider what happened.""

He reached for his pocket (the pocket with the weapon in it) three times, he was told to get on the ground several times.  He had ample opportunity to prevent his own shooting.  He choose to be shot instead.",1
"I like Stefan Strek's approach. We've allowed almost every underpass on our bikeways to be taken over by intoxicated, often aggressive, panhandlers. They block the road and one must ask permission to pass. Is it any wonder that we have lost 37% of our cycling community (maybe more; the data only goes to 2014). 

Vinus, Clark and maybe Cassidy appear to be calling for more of the same: housing ONLY. A true housing first includes those next steps of substance abuse treatment and job training. No wonder we've got homeless people coming from far and wide to ""visit"" Eugene. We provide free food, very little to no enforcement of illegal camping violations (that foul our river), no enforcement of our no-drinking in public laws, free needles, free laundry, free clothes and even heated spaces if the temperature drops.

It would be cheaper and more effective for the city to buy the Sheriff's Forest Work Camp and convert it into a drug treatment center. We could even sentence people to treatment.",0
"Yeah, too bad ... Oregon Live has 100 times the comments, including the ridiculous and offensive to the sublime. This is a classic Eugene over-sensitive reaction. The software is crap (is that civil, coming from a professional software engineer?).

-- Paul",1
"Their ridiculous band photo has me wanting to drink white wine at 3 in the afternoon.
It's almost 5, right?",1
"I think people are just shocked that somebody from the right is acting like a bully.   The people on the right have been bullied for decades.  First it was civil rights, then abortion, and gay rights.   Now it seems to be transgender rights.   If you do not say or do the current correct things according to the left, you are ridiculed and shut out of the town square.",1
"It's fascinating to read how Jules and other progressive Christians practice their religion. It sounds like they plug their ears and cover their eyes when the ""yucky"" ""scary"" parts come on screen but still like the movie.",1
"Since the Republicans have vowed to deny any nominee a vote, Obama should make a recess appointment.  Currently Congress is in recess and he could do it now.  Even if they managed to block and delay for the rest of the year, my understanding is that he could push through a nominee without consent from the Senate the first part of January.

Let's get something clear about Scalia.  Our politics are a direct reflection of our moral beliefs.  He was understandably a conservative hero.  He was a champion of bigotry, blocking progress for non-heterosexuals at every turn.  He also blocked environmental protection every chance he got.  He had nine children, which is selfish and irresponsible......he was probably opposed to birth control.  And one of his favorite activities was killing defenseless animals for fun.  He was a terrible person.   This world and our Supreme Court  is much better off without him.",1
"Wow, that sounds a little vindictive coming from a Nobel guy. 

Donald Trump was created by Obama, Reid and Pelosi.  Have a clue.",0
Is there any politician in Oregon who truly cares about People and Planet? I can't in good conscience vote for either of these slimy guys.,0
"I, for one, would prefer to see it stay open and wonder why we cannot make it interesting and vibrant like San Francisco's Union Sqaure or Ghiradelli. Or look to the Plaza in Ashland for inspiration. It seems to me that we are proposing the elimination of open space because we have a difficult social situation with which to deal. Building on Kesey Sqaure is ignoring the real problem and removing a public open space for future generations.",0
"Is there evidence that it was a Bernie supporter? Last time I checked, Trump supporters poop too.",1
"The letter writing campaign to get livestock off of Malheur Refuge started in the late '70's. The death threat phoned in to Nancy and Denzel's home was in 1979; along with two other friends I was hired a bodyguard to help protect N&D that weekend. The Hammond's ejection of the Ferguson's from the Diamond Dance was the year or two before the death threat. Great article WW and Jim D. For the last 10 days, lots of us have been wishing we could hear Denzel make witty quips about the Bundycon's occupation of the refuge hq. Sacred Cows at the public trough is easy to get on Amazon. Read and learn, read and learn ... great history of western livestock abuses ...",0
"And a major part of the problem is the lawyers waiting to blame these jerks conduct on their parents or schools any thing will work for a lawyer
Long as a lawyer gets paid anything goes",1
"I used to love bike riding but now there are so many social parasites, bums, passed out in the bike path with tons of garbage piled high, it's not worth it.",1
"Please do sell the old building.  It's not a good example a first impression for Eugene or the U of O.  If not, please make it possible to park there for Matthew Knight Arena events.",0
"With fully computerized records, it is difficult to imagine why a background check should take more than three days.  The story above asserts the bill was prompted by an incident where a murderer purchased a gun in South Carolina after authorities failed to produce a background time in the allotted 3 day window.  What the story and presumably supporters of the bill do not tell us is whether a completed background check allowed by a 10 day window would have stopped the sale, i.e. would the shooter have been denied if the check was completed.

I can see zero reason for a background check to take more than 3 days (given the fully computerized records).  The ten day window will likely only be used to arbitrarily delay approvals to provide a de facto 10 day waiting period for fully legal gun purchasers.  That might be a good idea, but promoters of the bill should be honest about their objectives.",0
Brown is essentially getting paid to abuse multiple women. That's disgusting.,1
"The university is a business, and students pay the university for its services, namely education.

The students presumably pay for services and products at other businesses. They buy food here, clothes there, video games and smartphones somewhere else.

Aside from the fact that fossil fuels are needed to produce some of those things and bring them to market, have the students protested at the headquarters of these other stores or manufacturers? I'm sure many of them invest money in fossil fuels in their retirement plans if nothing else.",0
“Cliven Bundy is a thief and terrorist” is a factual comment.,1
"And you read it all, making you exponentially MORE pathetic.",1
I have yet to receive any e-mail from Civil although the site wide bar indicates stars have been given to some of my posts and that I have had replies.  Disqus sent the replies to me by e-mail.  what have you been receiving?,0
"The tale-tale sign that we were heading to bubble wrapped forums, such as this, was the removal of the dislike button. 

I'm all for civility, but not at the cost of a modernized version of censorship. I can ignore trolls, if needed. Now, it would appear, it is possible for trolls to make me become the ignored.

Internet • Sensitivity ≠",1
"Her attorney, the winner, was paid $71,000. The losers, using our money - rather, more of our money, paid their attorneys $215,000?",1
"""Everyone wins when our downtown core is economically prosperous and a vibrant, inviting and safe center for business, government, culture and housing.""
I have an idea! For wifi access downtown, step into Starbucks and buy a coffee. That's a win for a downtown business. Spending tax dollars on wifi will not enhance livability, it will provide another freebie that will not generate revenue or improve livability. 
It's time to stop the frivolous spending.",0
"too funny. once again this emotional cripple editor has deleted my post after I received several thumbs up. To a liberal emotional cripple stating the truth is being uncivil, but I will always say in their defense, they can only work with the )&$% fer brains they were born with.",1
"""Tea. Earl Grey. Hot.""",0
"The comments I see in WW today could have been lifted from the letters pages and Starbucks wait lines of the 80s and 90s. I'm a 4th Generation Oregonian and spent a great deal of my formative years in NW and North Portland including a short stint in the WW ad room. I've lived in LA for 15 years and love the sunshine and cosmopolitan mix of people. People here are used to newcomers and don't whine about wannabe actresses who migrate from Kansas and end up living in a North Hollywood flop house while working part-time in the porn industry. They don't bemoan the Mexico City transplant with a law degree who is serving vegan plates at a Silverlake diner. Influxes of enervated Californians and trailblazing Brooklyn hipsters will always find their way to Portland. Some will stay. Some will leave. In the end, Portland will become richer with character. You have a beautiful city. Enjoy it. By the way, please quit importing your damn trendy foodie namesakes to LA. It's just looks bad.",1
"""cause more people to move to Eugene."" First, I would never take such utter stupidity serious...but what this really shows, other than pure stupidity...is the arrogance of scum who would deny others the rights and opportunity freely afforded to them. As a Native American Brian Wanty disgusts me",1
Actually your opinion summary is pretty near identical in rhetoric to the unhinged fringe left.,1
...says the guy who neglected and abused other animals...,1
"Wtf dude!  Did someone piss in your cornflakes?  I've never read such an ill-informed, inaccurate, irrelevant load of BS!  If you are really a reporter, you need to check your facts, and do some homework.  You do realize there have been other presidents since Reagan, and that Bruce played at President Obama's inauguration just 8 years ago?",1
The Liars Anonymous meeting today will be at 4:00. Speaker: Mick Jagger.,1
"Sorry folks, Springfield is the real Kesey corner, go see it. Ground floor can be open design while another concrete phallus be raised above it.... dollah bricks for sale.",0
"Definitely local and definitely a citizen.  That doesn't mean he has to encourage or facilitate competition for his business.  If his money helps Save Civic Stadium, there is no moral or legal requirement that he has to pour ashes on his head if it also helps his business.  

Once again a non-participant tries to trash someone who donates to a public organization for no better reason than  the non-participant doesn't like either how the person donating earned the money or that they didn't donate to some cause that the non-participant prefers.",0
"Because the City (leaders?) for years used road repair funds for other purposes, and ignored the mess they created.",0
are you referring to the ones they have video of stored in cardboard boxes that have been chewed through by rats and littered with rat feces and urine? I think on this one the govt set the example of how those artifacts were handled...only video i saw of them handling artifacts were when they cleaned up the building and they did make repeated attempts to return the artifacts to the tribe. Wondering who they terrorized since the refuge is 53 miles from burns and anytime the people that occupied the refuge itself went to town they went unarmed. now...the former fire chief did expose FBI posing as militia. in fact...they tried on several occaisons to get those artifacts back and the tribe refused...go figure...,0
"That sounds like Communism, not Socialism.  Russia is your Utopia.",0
"As far as I am concerned... You saw an opportunity to spread your big bad looter propaganda crap and everyone in archaeology is jumping on the band wagon against these dreaded pot hunters and who's to say you won't desecrate them yourselves to make the public look bad again in the light of all your media attention and cover up operations talking about the federal government and state police. The FBI Art Crime Team is a joke. They wouldn't even know a real art crime tip if it jumped up and stabbed them in the ass with a 16th century sword. They only investigate what the government tells them to. Same as your state inspector generals and those also of your federal agencies. I'm just saying the truth here. A national memorial in Bradenton, Florida is living proof just how much these people care about our national heritage. They don't.  When the EPA spent 34 million dollars to destroy an eligible national historic site portrayed in our national rotunda and they did zero to stop it. No sale",1
"Child rape is cool, if the right people do it.",1
"I'm not ignorant of the legal system nor the stakes of this particular case, and you're not winning any troll points today.  I would like to see WWeek cover all the details of this case.  The free speech concerns are certainly valid, but they're only part of this story.  The other story here, the one they're not telling you, is about how our legal system (and IMO the local press) has failed to protect our community from this creep for over a dozen years.  Now, he's even found a way of manipulating the system for profit.  Is that not a story worthy of the fine journalists at WWeek?

And if YOU think he's innocent, then maybe you'll explain why the jury dismissed the defamation and false light claims?  Maybe you'll explain the alternative motives of so many different women, who don't know each other, and who have bravely come forward with these accusations over many YEARS?  Maybe you'll read the public documents and ask yourself if you believe the system works to protect women?",0
"I am very sorry to hear of this appeal.  I took the time to view the entire video.  The actions taken by Edwards are not those we the people want to see in a state police officer.  The appeal demonstrates that despite clear and convincing evidence in the form of a video, police authorities cannot accept that they were wrong.  The officer drove his car into the rear end of the motorcycle when the motorcycle was at a full stop and the rider was just sitting on it.  The officer seriously kicked the rider for no apparent reason.  This is unacceptable behavior.  Moreover, the video demonstrates that Edwards undertook a high speed chase in which he placed himself and other motorists in danger.  

It is always important for individuals and organizations to acknowledge mistakes.  If the officer obeyed established procedures then it is the procedures that should be changed.  By appealing this clear case of civil rights violation, the police cast doubt on their every denial of wrong doing.",0
"Did it ever say it was anything but a ""hate"" piece?  Rad the title.",0
I'm not sure I see a pattern of racial discrimination in favor of black people in this country.  Do you have any studies that don't include cherry-picked items?,1
"garycrum is a regular in this forum, spewing his typical lies, arrogance, and hypocrisy, all of which is uncivil and not conducive to an adult conversation ... you call it toxic verbal sludge, and that's good, although I've always called it transcribed flatulence.",1
what a pos freaking coward douchebag he needs to be locked up who or whats next?????,1
"""However, from its inception, the NRA’s primary focus has been and remains firearms training, responsible use and safety.""

Who is Hanson trying to kid? From a recent convert, no less!
Stephen J Remington",0
Now there's a nice deck of slides.,0
There have been a number of nominee's that have not gotten hearings or an up or down vote.   Normally what happens is the president or the candidate removes their name when it becomes apparent that they will not survive the vote.   Harriet Maiers is one that did not have a vote.,0
"Commenter Lab Rat does not understand what a Class 2B Possible carcinogen is. As the WHO later stated in its Fact Sheet No. 193 of October 2014 (see http://www.who.int/mediacentre/factsheets/fs193/en/): “To date, no adverse health effects have been established as being caused by mobile phone use.”

Sunlight is a Class 1 carcinogen (at least UV is), but I see no commenters here advocating blackout curtains on all classroom windows, mandatory sunscreen use, or rules that children only go outside wearing full-length UV-protective clothing and wide-brimmed hats.",0
"Quite the mood lifter. She's clearly concerned, if you're either poor or an aging piece of infrastructure that is.

Everyone else? Not a mention. Perhaps it's best not to point out that your only role is to pay the bills.",0
"The state legislature has proposed permanently increasing the lodging tax to fund one entertainment event (plus a bunch of other ""tourism projects""), proposed allowing transit agencies to tax the working stiff's income, and in Eugene the city may propose a park maintenance levy.  

So entertainment, feeding transit snouts, and maintaining too may parks (hundreds) is more important than funding things like Veneta's public safety?",0
Taxpayers are letting students take loans out in order to afford the tuition. Gudagook may be implying that these specific students may be bad investments in the sense that they will not be capable of paying back the government issued student loans.,0
"Except in this case they now have a video from inside the car that was released today, that shows everything that happened.   You cannot dispute all of the lawless acts that this new video clearly recorded.  The video has already debunked conspiracy theories that Finicum's vehicle was fired on at the initial stop.   It wasn't.   They did not receive gunfire until they tried to get through the roadblock further down the road.

And it also shows that the people in the vehicle were heavily armed, and were initially looking to grab their weapons.  They clearly were preparing to murder members of law enforcement.

Only idiots would protest the Federal Government while armed with handguns and assault rifles.  A person has to be incredibly stupid to do that.",1
"I find it ironic and humorous that Scalia's vigorous dissent opened the door for same sex advocates to challenge, and win Marriage rights in many states.",0
I was talking about the comments here---I wouldn't be so crazy to expect our puppet legislators to be so reasonable....they are bought and paid for!,1
Well he'd always be a free man because he was the plaintiff and civil suits don't put people in prison for not paying the fine anymore.,0
"These folks and their attorneys are a safety threat to all of society, they should stay in jail.",1
"Yeah, I am with you on both fronts. The phrasing of ""X% higher than"" is poor usage, and that tech rates seems very high. I've worked some with the State's contract for temp tech services, which has wages set by market rates, and unless everyone in the tech industry is performing at the top tier of various specialties, I don't see the $126k average being anywhere close to right.",0
"What do you value?  There is no acceptable level of herbicides in living cells because the body will not flush it out of the system. It is in the  soil, watersheds, air, plants or other animals.  So if you can live without water, breathing, other life forms and the food you eat .  You need to take a look what has  determined an unsafe level of toxins being sprayed apparently everyone but the Forestry Department understands that once absorbed by the body you cannot get rid of it.  With Chidren it's evern more severe impacting their phsycial and emotional development.  There is no question about the damage these herbicides toxins do.  So get informed because you sound ignorant about the subject.",1
"""A life sentence for the offenses against Malheur is too harsh.""

Alan:  I've seen nothing in any other news reports about these charges that would indicate that a life sentence is possible.  I believe that this Associates Press news report is thus in error on this point. In fact, other news reports that I have read have indicated that this other charge ( using or carrying a firearm during a crime of violence ) has a 5 year mandatory minimum sentence ( much like the Arson charge the Hammonds were convicted of ), and a 10 year maximum. The Justice Department has determined that the seizure of the refuge was legally a violent act, despite the fact that no one was hurt.

I would expect a 5 year sentence on this charge, just like the Hammonds got. That is probably all that they will get.  And no less, due to the mandatory 5 yr sentence requirement.

So don't worry about a life sentence.  That comment was probably just more sensationalism by the press. Or a dumb reporter.",1
"I'm sorry.  Per Chief Justice Roberts when he upheld Obamacare, it would have to be a ""tax"" not a ""fine"".   Self-taxation, just like playing the Oregon Lottery.",0
"Finally!  Something POSITIVE to report about the usually academically/socially/politically moronic miserable University of Oregon.

Go, ROTC students!",1
"When will low income earners start to realize that ""don't impose any sensible restrictions on business owners, or they will close shop"" is almost always a farce. Business owners will *always* take full advantage of whatever cost saving/revenue increasing measures they can under the law, regardless of the effects on the rest of their community. Placing sensible restrictions -- like requiring 90 days notice before increasing rent -- on their abilities to take advantage of the system does not cause them to stop innovating/close shop. Stop voting to enrich the well-off.

Source: I am a moderately successful businessperson",0
"If the University will not lower tuition, then I firmly believe they should start paying more to their host city (Eugene) for the ware and tear they have on city services.  That includes policing, Street repair, sewage and Stormwater treatment, water treatment.  I'm sick of their new buildings and dormitories, it is time the taxpayer gets relief",0
"Simplification of vague proposals to the point of obfuscation is a bureaucratic trick long employed by the City of Eugene, Lane County and the State of Oregon.  The document you just shared is a perfect example of the method employed.  

 I am always hopeful that a reporter, especially one with your experience, can, and will,  cut through the intentional lack of transparency and report what few facts exist and also identify the total nonsense designed to obscure those facts.  My hope was disappointed in this case.",0
"You're kind of a dick, aren't you?",1
Waterboarding is when we baptize the terrorists with freedom.,0
Mr. Huffman is just pissed because he's a rat on a sinking ship.,1
The Planned Parenthood Motto: We like to kill at a very young age!,1
"this article is distasteful, he is serving a life sentence as it is thanks to seaworld and people still pull him apart even when he is sick. plenty of animals have fought back against there captivity not just him",0
"I still think if they had called themselves ""Occupy Malheur"" they would still be there and the FBI would have never shown up!",0
"Either the University or KWAX or someone had better come out and address this honestly and completely in the next few days, or they will start losing support of the listeners.  I, for one, will be withholding any contribution until I get an honest, complete explanation of WTF is going on.

And tompainne II, your comment about Caitriona was low class and hurtful, not to mention ignorant.  Shame on you.",1
"You would think the author of this post, or an editor at Willamette Week, would have been able to do a simple Google search and realized: 

1. There is already an article titled ""Your Uber Driver Hates You,"" written in Sept. 2014: https://idrivesf.wordpress.com/2015/01/27/your-uber-driver-hates-you/

2. A Buzzfeed listicle titled ""Ten Reasons Why Your Uber Driver Hates You"" followed shortly after: http://www.buzzfeed.com/kellkontraire/ten-reasons-why-your-uber-driver-hates-you-xk61

3. To update the myriad reasons why your Uber driver hates you with one extra reason is just a lazy way to make your point. 

4. Also, lists are dumb.",1
"have done, and the references in it.  ignorance is such an ugly thing.",1
"This may be a crucial element to this issue, and bears consideration.  I don't know if you saw the Oscars last night, but there is some similarity with the race issue.  I'm sure the great majority of those attending (whites) would not consider themselves ""racist.""  Yet the fact is minorities were essentially ignored in academy voting.  While there is a clear difference between belief and behavior, the first almost always has an effect on the second.  A church that formally declares women aren't equal to men doesn't have to be full of domestic abusers, but may give tacit--even if unintended--support to them.  Same with ""I believe people should be able to choose their partner, we just won't marry them in our church.""  Not quite as bad as ""I'm not a racist, but a restaurant owner should be able to exclude Blacks from his restaurant.""  But pretty close.
Quite a conundrum, how members who aren't homophobic justify belonging to a church that is.  Cognitive dissonance indeed.",0
F u c k the homeless. The people giving handouts should be a s s raped!,1
You got some serious issues.  Time to take a step back and re-evaluate yourself.,0
"I haven't been following this closely, but this seems to make sense to me. I'd be curious to know more about the arguments against it.",0
"So true. If the Mayor and majority of the County Board of Commissioners acted like any reasonable citizen, either homeowner or business owner, they would have planned an ""annex"" to the county building to provide _shared_ space for the two local governments. But, no -- each must have their ""shrine' to their self-importance.

In reality, their petty presences will be lost to history, while our children bear the burden of their self-aggrandizement.
 
-- Paul",0
"The experts don't ""assume the answer"". Travel times to bus stops are studied from which the answer is found.

You ARE not average. I was never implying that you are average. Average people don't exist. Average is a statistical construct upon which people make decisions. 
You prefer cars. Certainly fine with that. It was just a simple statement made regarding an assertion. I provided the research for the assertion ""The exercise benefits of riding in a car equal those of riding in a bus.""  A study is not intended to change your preferences.  I might as well try to get you to like Bach over Beethoven by showing you research that one is favored by experts. Discounting the evidence by saying it does not apply to themselves, or that ""they don't care"" isn't needed if you are claiming preferences. Beauty is in the eye of the beholder.",0
The groups you mentioned are the shock troops of the elite who are scared of a POTUS they can't control when in office. All of those groups are financed by the George Soros types of the world who are stripping this country of anything of value before they collapse our economy. The only person with what it takes to make the tough decisions and to resist the zio mafia currently in charge is Trump our only fear should be that he will find himself channeling JFK RFK MLK and many others before him before he is able to rid us of these parasites,1
"A couple of things about the statistics that say our healthcare outcomes are poor.  First they almost always compare apples and oranges and are slanted to make our outcomes poor.   Also, cutting edge, advanced things are almost going to initially going to give poor results for the money spent.   Also, since the rich pay most of the bill, should not they the ones that benefit the most?  Or are you one of the ones that say we should hold a gun to the rich and say pay up?",0
"""Foundation CEO Paul Weinhold"" Weird. That's not Michael Schill.

This article probably should have pointed out that the students are, ostensibly, protesting the UO Foundation. The UO Foundation is located at the Ford Alumni Center, near Matthew Knight Arena on the outskirts of campus. Johnson Hall is located in the center of campus and is very visible.

The students are protesting the wrong people in the wrong place.",0
"Regardless of the legitimacy, the preferred alternative to a ticket in all three cases -- be it for enabling panhandlers, talking on the phone or texting -- is the same: pull off to a safe place out of the flow of traffic to finish the task before proceeding. Consider the benefits of such a practice for the potential donor. He or she stops the vehicle and turns off the engine, so as not to contribute to climate change. He or she walks up to the potential panhandler, getting some valuable exercise. He or she makes eye contact and engages the potential panhandler in conversation, reaffirming both individuals' humanness. He or she is clearly observed by other motorists and pedestrians, and the perception of public acknowledgement/admiration so many crave washes over him or her. Instead of risking a $50 fine, he or she can put that money to good use a buck or two at a time. This is a good idea for everyone. I'm surprised Eugene's city council didn't think of it first.",0
"Jules Bailey supports Targeted, UNLIMITED Neighborhood Concentration of Public Housing which allows government to load the neighborhoods of its choosing with up to 100% Public Housing clients.

Bailey has REFUSED to ask for meaningful, accurate, complete and timely Public Housing Statistical Data which would lead to a fact and data based public discussion and debate of public housing policy, which Bailey wants to avoid.

As a sitting Multnomah county commissioner Jules Bailey has the power TODAY to change his position and take action. He has been challenged for months and won't budge.

And so it goes.

Richard Ellmyer
North Portland
Author of more stories on the politics, players and policies of Public Housing and its euphemisms, Affordable/ Regulated Affordable/ Publicly Subsidized Affordable and Low-Income Housing in Multnomah County over the last fourteen years than all other journalists and elected officials combined.",0
"Mike:

 Perhaps not, but another saying goes, ""Whats good for the goose, is good for the gander"",  the Bundys displayed an over riding sense of entitlement, any charges the government can charge them with, within the law, I sincerely hope they use. If for no other than to give those that attempt something likeminded, pause.",0
I agree with you.  This assumes she's not indicted of course.,0
Your attempt to smear Christianity by comparing it to radical Islam is duly noted.  Your illogic could be applied to secularists and Buddhists as well.,1
"This is a classic case for bail denial. The last time he interacted with our legal system, he had a host of armed sympathizers pointing guns at federal employees. There is ample reason to believe he does not respect our system of government enough to show up for court proceedings if he is released.",0
"I don't doubt for a second that that's what you see...a mess, unsanitary crap etc.  The thing is, you could see things from another perspective.  For example, you could see human beings as opposed to a mess, unsanitary crap.  The failure to see each other as humans beings and the notion that the ""right"" of one person to not being subjected to seeing what they deem an ""eyesore"" superseding human life in and of itself is a fascinating thing.  It's why people protest suicide barriers on bridges, even though we know they save lives, people get upset about their scenic view being disturbed, it's why people cry for ""men's rights"" as a retort to the notion that a woman's body is her own - because they don't even want to acknowledge that women are equal, it's why people complain that they're tired of hearing about racism without thinking how it must feel to live with it everyday.",1
What a shame. It would have been the perfect conversion for all the Starbucks in former Coffee People locations.,0
"Answer B. The new Portland gasoline tax proposal of ten cents per gallon raises only 14.5 million dollars per year. A new Portland gas tax of 30 cents per gallon would be required to match the amount needed just to maintain the status quo of a 12% road repair deficit.

This proposal exacerbates the current 12% road repair deficit and places Portland businesses that sell gasoline at a distinct disadvantage. 


After many months of research these two competing ideas are the only two serious proposals on the public table. I encourage Media companies, groups and individuals to use this material as presented above. Attribution would be appropriate.


Richard Ellmyer
North Portland

5 of 5",0
"There certainly is a responsible way to manage public lands, taking into account both sides---- but the pendulum of fairness and responsible stewardship LONG ago was broken: only a few percent of our old-growth trees remain; vast prairie erosion is the norm, not the exception, across immense acreages---- hundreds of thousands or millions of them reduced to Dust Bowl-like conditions.
And no end in sight.
Where is the Green Revolution in this country of sheep?
At this rate, we'll end up like Scotland or Greece, formerly heavily forested countries that now are denuded.",0
"OMG, are you serious?! Focus on the Family, Oregon Citizens Alliance, Christian Coalition, Moral Majority, Eagle Forum, and any number of other Evangelical Christian political organizations have been at war against the LGBTQ community for over 30 years. Wow. It's scary that you appear to have zero awareness of the hate-fueled history of Evangelical political activism of.",1
Die yuppie scum.,1
"Some of you may remember the Register Guard article a month or so back that described three proposals for dealing with the issue.  One of them (see my temporary profile picture) was an alternative idea from Ali Emami to leave the square enact and erect a truly handsome, mixed use structure with shops opening to it all along  the south and east sides on land that he already owns.  This plan (which to my surprise hasn't been mentioned since) seemed to offer an innovative  win-win-win.  A. valuable public space would be saved at little or no cost to the city; B. adjacent commercial activity, new residents and increased foot traffic would by themselves help to alleviate  current ""people problems""; and C. two undistinguished buildings would give way to an architecturally striking centerpiece for the downtown.  For these and other reason's, I'd urge Mr. Emami and Eugene's decision makers to give serious consideration to such a synergistic public-private ""partnership"".",0
"N Portland.  I had a 17% increase.  twice.  I got even.  I called the city for an inspection.  All the violations resulted in an entire construction crew here for 3 days.  No more leaking pipes under the building and no more shared vent stacks.  I was willing to live with all that while I had cheap rent.  But 34% in two years?  No, he had to fix his s**t.",1
"New York City's recent ordinance to require salt limitation labeling on all menus in the City is on hold as of today.  That one affects every large  restaurant in the city.  Lane County will be going after the over 21 smokers next year to limit their access to tobacco, no doubt.",0
I detect sarcasm. Sarcasm is borderline un-civil. Watch your step!,0
"You know, you just can't make this stuff up!   

Hillary barking like a dog.  She seems so natural!",1
"Wow.  This piece is ignorant in the extreme.
It's neither funny nor informative.  It's just... I don't know, a demonstration of the author's inability to write cogently?  Why did you even write this?  Trolling?",1
"What does he being Jewish have to do with this???
Nice way to pigeon hole someone,and to show ignorant anti-semiticism.
Maybe he isn't that religious, or religious at all.
I know Catholics who have gotten divorces, gotten abortions,
were gay- do you see how ignorantly bigoted what you said is. 
And it doesn't send any bad message to the girls. He said he loves his daughters. He wanted a son, what's wrong with that. 
The only real issue in this article is the custody battle.
Other than that, the rest i.e being rich, being Jewish, wanting a son only,etc. is totally irrelevant. So many need to find something to complain about.",1
"Go Trump!  Make America great again. 

 Here's how  the current occupant negotiates .......    http://www.whatdoesitmean.com/obn1.jpg",0
"I've went to Pizza Jerk three times and to Red Sauce twice. Pizza Jerk's menu is larger and more complicated, and they changed several menu items after the first two, which is why it got that third visit.

The photos are assigned after all of my visits (so that we don't tip off owners to a coming review) and also after the first draft of my review is written. I consult with the art director about what to take photos of. In this case, yes, I did say to take more shots of Pizza Jerk.

A few days ago, Michael Russell of the Oregonian named Pizza Jerk the second best pie in town, behind only Scholls. Now THAT'S a fanboy and I don't agree with that ranking. Jerk's regular pies would not be in my top five, though the pastas, dessert pies, etc. really impressed me and I enjoyed the overall experience.

I've never met Tommy and I'm not a regular customer at his sandwich shops.  We trashed his failed Mexican spot, Trigger: http://www.wweek.com/portland/article-20108-southwest_by_northwest.html",0
"What a pile of shit.
I love Bruce and I could write a better case against Bruce than this rubbish !",1
"Ell-oh-ell. I applaud the town of Burns for not giving those guys a place to spout their extreme and reality-challenged goals and opinions. And really, who's going to choose #Yallqaeda over the new Star Wars movie?",0
"The sentence would be more accurate if it had read: 

""False flag terrorism is a modest but immediate threat to the United States as Israel and the zio mafia deftly and persistently manipulate public opinion by leveraging their stranglehold on the US news media to disseminate pro Israeli propaganda. This will continue until such time as the US agrees to send more troops into Syria and ultimately Iran as they  continue to use our military as their personal leg breakers and debt collectors. 

After watching how easily Israel got away with doing 911 its no surprise they hardly even try to hide their agenda anymore. Gudagook ... the Boston Bombing was a hoax ...it was theater and bad theater at that",0
"Once again you insult others with ""it is a fact that these people have a mental illness that is incapable of grasping simple facts."". Your comment that uses people with mental illness and dementia as pawns is vile and disgusting.",1
"SD:
 Far to many, on both sides, regard any differing opinion as a possible lie.
Taking sides and carrying those ideas to extremes, is a sure sign of the fanatic.
Trying to achieve a more moderate stance, sometimes means getting it from both the far right, and the far left, kind of fun though.",0
"that's true, and why I qualified this social disease as LIBERAL DEMENTIA.  This isn't about trash talking liberals, it is a fact that these people have a mental illness that is incapable of grasping simple facts.",1
I haven't the foggiest what you are talking about.....I'll agree or disagree with anything I want. Period.,0
"So you're arguing that Americans are lazier or more worthless than Europeans? 
Friend, unemployment is at historically low levels. EMPLOYMENT, the number of Americans actually working, has, under Obama, steadily climbing. 
Simply, there is no objective evidence that a social safety net discourages work. None, at all. 
Yes, raising the minimum wage may increase the cost of goods--- so feel free, as a consumer, not to buy them. But also know that for the hundreds of thousands that now have more wages, they will be increasing THEIR purchasing power. They, of course, will need less government assistance.
It's obvious that the poor and middle-class have remained stagnant while the wealthy have become ridiculously more so.
I guess you're okay with that. Trickle-down worked for you, I guess.
How many more presidencies and Voodoo experiments will you need? 
You think that millionaires and billionaires like Bush, Romney, Trump will help you have a better chance in life?
Oh, c'mon!",1
"Wait, fer real? That went to court?! And he WON?!? For the sake of honesty! We finally made it criminal to tell the truth, and it started here. How sickening. I mean, I kinda get it, being socially shunned sucks, but not being able to inform your community about dangerous individuals sucks even worse. It would be one thing if the allegations were false, but if they're true ... well ... if you don't like the consequences maybe you shouldn't have done the deed? I mean, I made the front page of my city's newspaper for being ""different,"" on the heals of Columbine and on Mother's Day no less, and that was awkward as hell. It never even crossed my mind to accuse the newspaper of any misconduct. I was weird, apparently that was news, and they shared it. Well, fuck me then.",1
"This judge acted appropriately.

You forget that Oregon is one of only 11 states where this would be considered to have even been a crime.  

In the other 39 states in the USA, sex with a 17 yr old is perfectly legal, as they all have an age of consent that is either 17 or 16..

Now the fact that she was a teacher, and he was student, is a matter of serious concern.   For that is a clear abuse of power.   But I'm sure that she will never, ever teach again, after this conviction.  

So she has lost her profession and livelihood forever.    She will have to try to find a new way to support herself.   And being a registered sex offender is a most difficult stain to overcome.",0
"""with medical included"".  And where in the PERS system is that annotated?  As a PERS retiree myself (non-fire/police) I certainly don't have 'medical included'.  I was permitted to purchase insurance after I retired, but the PERS version was too expensive in relation to what I could get from United Healthcare.  Are you talking without facts again?",0
"If it doesn't fit, get a bigger hammer.",0
"The mentally ill are not getting the treatment they need because of our courts, as other threads have thoroughly addressed. The developmentally disabled have plenty of programs, and readily can get on disability subsidy. The physically disabled are royally screwed by the federal government that will not honor the SSI insurance we forced to pay for to the point to attain disability assistance you have to prove there is not one part time job in America you can work. vets with PTSD...from my experience, 50% if not more have other issues and use this as an excuse. The ones that do are getting help through programs. the VA is who created the problem by not honoring the law just like the fed is doing with the physically disabled. Which brings me to the social parasites who comprise the largest percentage of the ""homeless"" population.
 (to be continued)",1
"Funny how you can be so offended by a restaurant name, but not give a rat's ass about a ""comedian"" who has made a career of tired racist and homophobic BS.  It sure is fun for white people to be able to gather and not feel guilty about laughing out loud at stuff like this....and it being ""ok"" solely because it is coming from a funny black guy.",1
"The US Supreme Court ruled against you in the last decided case, and apparently so did the Alaska Supreme Court.  

You're a loser on this issue.  

Maybe the Federal laws will be changed some day; maybe not.

Name calling is juvenile at best and almost never persuasive to those who use their intellects instead of their emotions.",0
Doesn't it matter that a woman was raped while in police custody here in Eugene?  Would you say the same thing if a body was just discovered?  Rape is an act of violence and I find your comment insensitive.  Sorry.,1
"Here is fine example of an 'UN""civil comment. I knew this ""civil comments"" proposal was a one way free speech experiment by the RG. 

JoshuaWelch
""Let’s get something clear about Scalia. Our politics are a direct reflection of our moral beliefs. He was understandably a conservative hero. He was a champion of bigotry, blocking progress for non-heterosexuals at every turn. He also blocked environmental protection every chance he got. He had nine children, which is selfish and irresponsible……he was probably opposed to birth control. And one of his favorite activities was killing defenseless animals for fun. He was a terrible person. This world and our Supreme Court is much better off without him"".",0
"Amen. And it was Democrats like Harry Reid, Hillary Clinton, John Kerry, and Barack Obama who all are on record as saying the Senate did not have to vote on Sam Alito. Hypocrisy is a leftist specialty, but it does not seem to concern the sanctimonious RG editorial board. The Senate doesn't have to do anything, period. End of story. It certainly is a risk for the GOP, but given Obama's past nominations and the chance that Hillary Clinton will be on trial later this year for her felonious handling of national security secrets,  it's a risk worth taking.",0
"Relentless attempts by liberal pundits to prop-up the notion that we live in a nation deranged and distorted by ""White racism"" is driven, it seems, by their fear that this ideological (sacred) ""cash-cow"" is dying, and must be resuscitated at all costs. To use a movie review as an excuse to dredge up what amounts to a liberal conceit, with no basis in reality, is particularly offensive. 

Since the 'reviewer' raised the issue, it's worth mentioning: while systemic ""White-racism"" went extinct decades ago, this nation is afflicted with an epidemic of Black-on-White, and Black-on-Asian violence, which goes carefully unreported by the mainstream media. Fortunately, the evidence does not depend on studies by academe, or advocacy by the oracles of social justice in the liberal community. It is all available in plain-sight to any who care to search those key-words on YouTube. Spoiler alert: prepare to be horrified by the scope and brutality of the truth liberal media don't want you to see.",0
The cost is probably driven by the need for a ergonomically designed left-hand leash. I'm glad they got the dog back. Too bad they didn't collar the suspect.,0
"That's what President Teddy Roosevelt used to call ""The White Man's Burden"" and evangelical churches continue to do to this day.  To leave Oregon and go over to educate the poor and ignorant of the world so that our values become theirs because they are unable to take care of themselves.",1
"Nincompoop, that's a nice one! I'm partial to silly goose.",1
Put him away and lose the key please.,0
"It doesn't.

But pardon me, I assumed you had a more in depth info base that covered tax rates, benefits, and sick time other than posting simple numbers to support your opinion.",0
"The scientific name is Orcinus Orca. The term ""killer whale"" comes from a sub type known as ""transients."" They eat seals, other whales and have even been known to attack sharks. Hence, giving them the name ""killer whale."" The other types are called ""residents."" They do not prey on anything other than salmon, and fish. The movie didn't help with the plight of orcas either. It made them out to be ""killers,"" when in fact no human has been known to be attacked in the wild. It only happens in captivity.",0
"I love seeing these dumb-butt, wannabe macho thugs get the book thrown at them. -- Paul",1
"I appreciate your thoughtful response. I must contest your terms, however, as they mean everything. The fundamental issue that has you and others here perplexed, is that though disagree as he does with his church on women in leadership and marriage equality Jules Bailey doesn't seem to think his fellow members are either misogynistic or homophobic. That is, he must not believe the members and leadership of Imago Dei hate or mistreat women and they don't fear or mistreat homosexuals. What if this is actually true? The progressive community is now far too exclusive and refuses to hear the opinions and perspectives of people it disagrees with. Its group think. And...fear. 

Let the man believe what he wants, and worship where he will. What a majority on here are saying is that he's a viable candidate except he hangs out with undesirables...people who believe (peacefully, without controversy) counter to the majority. This runs counter to self-purported progressive Portland values.",0
Unquestionably disgusting. Genital mutilation of young girls is an abomination.,1
You're trash talking. You're claiming others have a disease that you use to defile them.,1
"Um. Bernie supporters attack.  Thom Hartmann a liar.

Definitely time to step away from the mike.  Lousy timing, but there you are.
Politics is personal. Always has been. Always will be. It's neither for the faint of heart nor the intrinsically correct.  It's an election.  Put on your big boy underpants and stand up.",1
"""I think tax-exempt organizations also have a responsibility to show restraint rather than funneling money that could be taxes to very high personal salaries.""  

In that group, do you include SEIU, Planned Parenthood, United Way,  and similar 501c3 tax exempt corporations?   

They justify their CEO's salaries based on the amount of money they obtain and disburse, sort of like the U of O Athletic Program does; Athletics just makes more money.",0
"Yeah, that man would look pretty ridiculous, given that 80% of congress, 95% of Fortune 500 CEOs, and 100% of American presidents are male. Why, do you suppose, do those women make an issue of that?",1
What about peace health view on the employees wanting to go union and wanting a fair  contract?,0
"The tip is not built into the cost douche bag. I don't unlock my doors to let passengers in until they extinguish their cigarette. If you so much ss reach for my heat control or radio control, I won't say one word, but I will pull over and kick your monkey ass out of my car.",1
"Your holy book also sanctions infanticide: ""Their infants will be dashed to pieces before their eyes; their houses will be looted and their wives violated."" Do you follow that too? Of course not.  You pick and choose what you take from the Bible.  You have chosen misogyny.  Own it or discard the belief.",1
"AlwaysThere, oh dear, that's crushing. Here I am believing that the earth orbits around the sun, that there are planets, that dinosaurs once roamed the earth, that what we see as stars in the sky are galaxies and beyond ... but if all of that is just assumptions, damn. So sad.",1
"Why not use vacant schools for the homeless?   Some of these people used to have jobs, but fell off the grid.  Hire a few to cook, a few to clean and a few to oversee.  Get local companies involved.  Provide training and employment opportunities.  Provide tax incentives.  Have rules to live in the facilities, and if you don't follow them you have to leave Portland city limits. The city really doesn't want to get their hands dirty by actually taking care of these people.  That is why they are trying to hand the situation off to the county.

I'm sure the spreadsheet types will show how financial impossible this is, but not really taking this matter in hand and getting these people real help is going to cost this city plenty.  The schools are just sitting there waiting for the city to make big bucks off of them.  That is what the mayor and city council is really all about. They work with contractors to squeeze every penny out no matter how they destroy our quality of life.",0
Mmmmm you had me at cheap and mediocre.,1
your statement is laughably delusional. Are you high on crack?,1
"The 'educational' moral of this story remains.  

Failure to work and play well with your neighbors can result in bad things happening to you.   Whether it  was based on arrogance, ignorance, a belief that the laws didn't apply to them, or anything else, ignoring unhappy neighbors is a poor strategy.",1
That sound you hear?....it is the sound of thousands of jobs leaving the State.....,0
"looking at it...trying to understand how this profound idiot is dominating this election...bottom line...it's because he pisses off the PC left, close enough.",1
"Wait .. . how about ""All Football All The Time""
Much bigger money-maker than classical music.",0
"If the GOP controls all three branches of government, what do you expect to happen? And if they don't win the WH, do you really expect them to cooperate?  They've been throwing a long temper tantrum since Obama was elected, and they will continue.  Right now they are pouting (and obstructing) because of an unexpected development.  Not one of the Republican candidates seems capable of handling the enormous challenges of governing, and their spoiled brats performance helps keep the rest of us from asking embarrassing questions.",0
You are a gross individual. You're probably friends or family of this mental man. That cat did not deserve to die.,1
"President Trump will make America great again.  A daunting task after eight years of the Great Divider, Barack Hussein Obama.",0
"Facts do matter, and are usually accompanied by cited sources so people can evaluate their veracity. Assertions are not, instead relying on the lazy, naive and emotional to be easily swayed by the first thing they read. Which would you say you have presented here, Mr. Porter?",0
"Bonus points for use of the word ""cromulent""....",0
what is racial microagressions?,0
Amy Miller is a very terrible person.,1
"Uncle Phil just gave away 400 million dollars recently from his sweatshop moneybags.
How dare any scheming jackals come sniffing around for taxpayer funding to scavenge, when Uncle Phil could bankroll the whole event without blinking a sunglassed eye.

Why do sleazy sports event marketers get to interrupt the academic pursuits of our increasingly erstwhile public university, and demand full accomodations and handouts from the taxpayers to subsidize their profiteering? These sweatshop billionaires then come  and hijack our government with their ill-gotten gains, dolloping cash on cronies.

If Jaded Jade is right, this 2021 event won't be more than a flash in the pan for Lane County. Lananna and his clique, and the pizza shops as Jade says, might be the only ones making money off this boondoggle. The rest of us are being taken to the cleaners.

No public subsidies for  slumlord sportswear moguls who's wares are made in squalor.",0
"How and when were the ""people on the right"" bullied by people in the civil rights movement?",0
"The Iran nuclear deal was acquiescence in whatever Iran wanted to get a deal for Obama's legacy.  Iran's continuing efforts in Syria, Lebanon, Iraq and Yemen to continue proxy wars against Sunni countries and organizations will only result in more death and destruction.   Satisfying Obama's ego will be the only lasting effect.  Your other two points are well-taken.",0
"Lee Spetner was a electrical engineer with a doctorate in physics. Following a profound religious experience, he moved to Israel. He then became a creationist. He still knows little about biology, or evolution. 

The gross error all ""statistical"" anti-science arguments share is ignorance. Ignorant of the biological literature, and ignorant about statistics. 

Mr. Jense makes large, and mistaken assertions about ""facts"" that are not facts. And most telling, he makes the claims they are in the ""scientific literature."" I invite Mr. Jensen to provide the actual scientific literature he has claimed he knows.",0
"Love this lady, but this reporting is the most ageist pap I've seen in a LOOONG time. 
We're old; we're not stupid, we're not made of glass, we're not ""cute"" and we are certainly not here for your entertainment. How about a little respect and a little privacy. Stop Infantilizing your Elders",1
"Wow. The text appears after several days and is a surprise. The author wishes for a more quiet and sedate time, you know, when Karl Rove was around. When war criminals led us to invade a nation and kill thousands of its citizens in a ""shock and awe"" campaign of unimaginable horror and, you know, screams and other such noise.
Sooner or later Great Britain will be getting their report on the lies that led to the Iraq war. We, on the other hand, will be getting odd commentaries like this one, that compares the barbarism of the Cheney, Bush, Rumsfeld era with a shouting match. 
Anger and despair sound loud and usually involve bad grammar and insults. I, for one, think this election is all about the chaos and cacophony of a people waking to the fact their leaders have let privileged characters loot the treasury and enrich themselves as the poor die. 
As for me, Trump's insults and accurate comments on the W. war were about the only genuine part of the discussion.
Hugh Massengill, Eugene",0
"The more important question to ask, is what are are the most productive faculty doing? To be ""collegiate"", every system has what is known be to called ""free riders"". Never has there been a system known to be free of this defect. The argument between capitalism vs. communism is not who is doing the least, but who is doing the most.

There was a day before Martin Luther's proclamation and the day after. Unfortunately for tenured professors, acceptance of that day is coming.",0
Reagan would definitely be shaking in his boots hearing and seeing all of these boorish comments coming from grown men...oops did I say grown men?  More like silly boys in the school yard......,1
"Jaded:

Once when I asked my father about an allowence, he asked if I thought I wasen't getting enough to eat around home. I never brought up the subject again.",0
Profound. But why do you say that?,0
Star Wars didn't come to Burns until the 15th???,0
"""Trump is a product of many angry, mostly white Americans""  What an ugly racist comment.",1
Who cares!? Stark trek and Star Wars fans are all dorks who never get laid.,1
"Jaded:

  That is what happens when one doesn't have cable tv.",0
The balance between protecting privacy and giving law enforcement access to potentially criminal activity is really difficult to find. I wish I knew what the answer was.,0
yet another example of a rich scumbag thinking he cam buy the world . I feel  so sorry for this kid.,1
Well then I guess people need to slow down in their car because people have been getting around that way for hundreds of years just because you have a car doesn't mean you have to be an a******,1
Some folks just need to grow some skin.,0
"""Alleged"" criminals.  Like Hillary.",1
"There were plenty of reposted articles and comments for sure. If as you owned up to making [""my hateful comments” ] then chances are some of yours as with other hateful comments got reposted with scorn. As for the question over patriotism that is merely a subjective matter of opinion. But you should know or at least realize members of Oath Keepers and I believe Pacific Patriots also are active and inactive military and law enforcement personal. As I understand you have to be in one of those categories to join as a full fledged member which makes ""right-wing web-sites"" more then a bit of a stretch.",0
"Or maybe the Headline should read: 
 “Wyden in Eugene Running for Re-election”; a whopping 30 staff members get paid an extra 50 cents over minimum to show up and hold a sign.”",0
"Now why would you want to muddy the shark-infested liberal water with actual quotes, facts and common sense?  Can't you see this witch hunt for what it is?  It's much easier to hate the Donald without them.  What??? Trump ""knew"" who David Duke was???  Hang him!!!",1
"This is really pathetic. You're complaining about how you drive a cab but you get lost. You're complaining about not getting tipped while working for a company that tells it's customers not to tip you. You're complaining about there are  plenty of cabs on the road and you don't want more competition. News flash! You're a cab driver now, except for a shitty multinational corporation that doesn't care about you or their passengers, just the bottom line. This is why real cab drivers didn't want this shitbag corporation you work for around.  It can be a fun job, and I appreciate that you've recognized that. But I hate to break it to you, the flood gates are open now and you're 100% disposable to them. Enjoy your reduced pay & good luck forming that union that will never happen",1
May I throw some Babylon 5 in here?,0
"If I recall correctly did not LTD just announce they are now going to schedule bus services to Eugene airport 
I would think a good bus service would have included that stop in their core plan.
But of course that would cut into the city collection of parking fees
As for Peter Courtney I  am looking for a recall effort for this jerk. I will pitch in some dollars and some hours for this worthy cause.
I tried to email him but seems his emails are temporarily out of service so I  called and left a comment with his office  
The people should force an air tax on politicians and bureaucrats include lawyers before they do it to us",1
"I didn't use the ""idiot"" you did but I would note truthful confessions by left are also a rarity these days.",1
"And there were plenty of leftwing nut cases who wished for a Ruby Ridge or Waco and their rhetoric became the proof. Why some were shown to be so nuts o the Patriot web-sites ""quoted"" their ridiculous claims.  One site posted numerous leftwing comments with the conclusion....[I don't want to paraphrase so to the best of my recollection] "" Just shows how many leftwing brown shirt zealots we have in America in lock step of government tyranny"".",1
WHO GIVES A FUCK,1
"Research and experience elsewhere has shown that providing housing to the homeless actually saves money that would be otherwise spent on courts, jails, ERs, cleaning up homeless camps, etc.",0
"""winning arguments against any member of diversity""

You may have inadvertently given Civil Comments an idea for the 2.0 version of their system.

1. Is this a good comment?

2. Is this comment civil?

3. Did this comment totally just win the argument???",0
"I agree that the current pool of candidates provide little confidence to voters. Truth is, our votes won't matter anyhow. I'm not suggesting that you shouldn't vote it's just that the election will be over and a winner will be announced long before they ever count our votes.",0
Two Wild & Crazy Guys!,1
What if I identify as male?,0
Or put David Fry on the Republican ticket with Trump. I think he's already made the campaign videos.,0
"I don't think there's an end to any ""Golden Era"" We have incredibly funny and talented Comedians on the show all the time. Nathan Brannon, Adam Bathe, Amanda Arnold, Jim Willig, Kristine Levine, Belinda Carroll, Rico Starr, Adam Pasi, the list goes on and on. I think there's a really strong crop of talented local comics and to say one is funnier than another would just be personal preference and opinion.",0
"""I read......."" hardly represents a valid source.  If, indeed, ""you read"", publish the quotation and provide the link.  The right-wing propaganda mill is very busy on this topic.  Please don't just accept what they publish.  
""It's all out there, and it's all true.""  It may be ""out there"", but it's far from true.  I'd really enjoy checking the site which published the claim you reference.  Could you provide it for me?   thanks, Gary",0
"Has any modern-era president more harm than Ronald Reagan? The enshrinement of Chicago-school, trickle-down economics began conservative MASSIVE tax cuts for the wealthy that presaged the assault on the middle-class. Revenues plummeted and MASSIVE federal debt became a staple. Ronnie’s obvious lack of concern for AIDs sufferers is legendary: the federal government did little or nothing despite loud and continuous cries from many communities, including that of the medical establishment. The Iran-Contra affair certainly was an impeachable offense, a purposeful and illegal covert operation directly opposed to law. I won’t visit the complete lack of progress on civil rights (some would say serious regress), the utter disregard for environmental protections (not necessarily a Republican thing since Nixon’s EPA). And then, we come to Nancy. Has any first lady done less? Not a singular interest that showed a concern any deeper than astrology and high fashion. Bozos, both of them.",0
"You win the gold medal for being first to refer to Justin Bieber today. Maybe someone will now nominate you for a SportsTown award.

I don't know what happened to Waldo, but there's actually a help wanted ad today for a publisher for the R-G. I can't imagine many potential newspaper (or online publishing, whatever it's called) publishers are in Eugene, let alone perusing the classifieds.",0
"""Hippocrates""  was a Greek physician of the Age of Pericles (Classical Greece), and is considered one of the most outstanding figures in the history of medicine. He is referred to as the ""Father of Western Medicine"".

What is a "" hippocratic response to so-called constitutionalists?""",0
"You sound like the type of employee that any employer would love to have and hate to lose. Perhaps it's time to put those assets to work for you by seeking out a better opportunity. If you've made that strong of an impression on the right people where you work, one or more could help, at least with a reference. The likelihood of your current employer deciding to give everyone as valuable as you a raise to a ""living wage"" as some sort of grand social experiment seems rather slim, since it would run counter to the business model that's working now. Instead, why not make the most of what you can control and try to move to something better, perhaps with the city or the county? The union benefits and step increases in pay with both are really sweet.",0
"Yes.  You do.  Fortunately, it's a good mouser.  And you always leave the lid on the toilet up.",0
Hey guys Bulleit is great!,0
Hong Kong seems to be doing well for itself.,0
"This is the fine line.  I mean you can't just say anything about folks (in person, int he press, online) but here he spoke the truth.   I mean provided links to public information.
But to create a whole website to expose/attack one person - no matter how guilty he is...seems a bit extreme.   With any luck Brown will get some help, it sounds if he keeps up some of his past behavior he could end him in jail.   I do think this sucks for Phil, dude was just trying to help...",1
"I can't even see how someone could construe controversy or make any negative feedback.   It's a bakery!   And she didn't deny anyone a crumpet (looking at you Kleins!).  
Ridiculous, food based on a time period...  I'm pretty sure Genghis Khan ate meats cooked on around grill...I'm going to go poop on Chang's Mongolian Grill's front door!   Seriously...",1
"Dear world:
Just a reminder that none of these folks actually live in Oregon.  Please remember that when you decide to paint our state as a bunch of wackos! 

Sincerely,
Oregon",1
"It's a serious problem! Everything about me is ironic, including my name! [sarcasm]As a means of overcoming the obstacle of humorless algorithms, we might use html codes as an oblique reference to the non-existent sarcasm font. Do you suppose that would work?[/sarcasm]",0
"Judging by the comments below, it looks like Prozanski’s bill will certainty create a whole bunch more animosity toward him, and bikers. (BTW - No wonder Trump is so appealing!)

I will lay-on my horn whenever I approach a biker, regardless. I want to make it very clear to them that I am approaching, so they don't do something stupid or foolish.",1
"Rules and political choices have nothing to do it; Trump is crude and disgusting.
Even more disgusting is the given fact that his flock worships his boorish, evil behavior. For example, ""I could shoot someone and still get the nomination"".
What kind of person agrees with and supports this man?",0
"Why not misconstrue arguments?  Support for gay marriage= anarchy.
False equivalency.
But I see you have the fundie playbook for opposing civil rights for gays.
You are exposing yourself more & more as a bigot.  Shouldn't you be spending more time submitting to your husband?",1
"I can tell your second paragraph is sarcasm. Not so sure about the first, though.

In any event, please inform NASA about your most remarkable observation. I'm sure they'd want to know.",0
Tastelessly told tale. An experienced journalist knows when to go for the cheap chuckle and when to show respect for her subject. You'll learn.,0
"Will there be a follow up article on this now that the case has been decided? Despite days of graphic testimony from multiple women, Joseph Alan Brown remains a very free and IMO a very dangerous individual in our midst. I hope someone will pick up this story for the safety of women throughout the community. In the meantime, there was no injunction meaning that Mr Hutchinson’s website remains available for all to see and share https://jbinfopdx.wordpress.com/",0
"contact me if you want to rent one of my pets for a while. Three day minimum, $25 a day. Delivery extra.",0
"no, cats are not a natural part of life, they were imported to America and the emotional cripples who let them run lose overcompensating their vain pathetic lives don't give a damn to the damage they do to their neighbors property much less the song birds. These scum are never going to understand their sick vile behavior as they are emotional cripples, known as the cat lady.",1
wow,0
"some dude, probably drunk types some nonsense on a computer keyboard and we send him to prison costing us $100,000 in tax money.  We are stupid.",1
"Guaranteed PPS will claim that this student's comments are the determining factor as to whether the Coach violated law or policy.   With PPS, they tend to turn employment issues into popularity contests and wash their hands of it.",0
"Rule book?  The Bible is the story of God and a history of how his church originated, grew, and will culminate.",0
"Dude cracks me up!  Where does he get those awesome cat fashions!  I wonder if those kitty fashions come in ""plus-size"" for British Shorthair cats!?  Welcome to PDX, MoShow and furs. Or furless?",0
"Thank you for a ray of virtual sunshine from a well-reasoned and articulate person who has chosen to live outside the city. (And no, I am not being facetious)",0
People can use toothpaste if they so desire and then spit it out. It's stupid to subject every cell in the body to one of the most toxic substances on the earth by swallowing fluoride.,1
"Yes..""glass roses"" can be used as meth pipes, and ""glass pens"" can be used as crack pipes..but they require two very significant things to make them drug paraphernalia: 
1. Drugs. 
And, 
2. Intention. 
Also, they are not advertised or sold as ""drug pipes"", and are usually kept behind or under the counter, and out of sight. 
What more do you want? Don't buy one, and get the fuck over it (and yourself while you're at it).",1
"I cannot agree with you more.  Caitriona is a lovely, enormously knowledgable woman and I miss her lyrical voice when listening to KWAX.  The rude and unkind comments regarding her personal manner of speaking reflect on the ignorance and pettiness of the person who posted them.",1
"News stories are often incomplete due to length limitations or other reasons. The greenhouses came down at the end of harvest and who knows if they will go back up in the same place or not. I think the resolution came more because of the end of normal growing season without being a complete indoor set up, which from the description this one was a hybrid indoor/outdoor. The story also failed to note that although I talked with local authorities, I found out there was nothing they could do because the it was licensed OMMP medical grow and the state has preempted all local control of medical grow and production.",0
Guess it's true only trash mocks someone when they’re laying in state or fresh in the grave.,1
"It is apparent that either 1) you really enjoy trolling people. There is nothing really wrong with that I suppose. Still, don't you have better things to do? Do you really need to feel superior or the laugh that  badly? For someone who is not a twenty something milli intern ( they are HILARIOUS by the way)  you are pretty sophomoric.  Or is it 2) You  really need affirmation. Seriously none of this is all that intellectually stunning, go smoke through one of those overpriced yuppie asshole vaporizers you review for no discernable reason. Either way,  this is stupid even by your standards",1
due process is due process. dead people dont get due process anymore...and they should. by all rights there should be ample videos from numerous angles of the event. lets wait and see. i seriously doubt ever body cam and every dash cam broke or went out on the same operation...lets see what the videos say.,0
"no, workers do not have the right to organize like terrorists, and shut down a company in extortion. If you don't like the job and the wage you need to go find another job or start your own business. There's a reason why the mafia historical has ran unions as unions are organized crime, not organized labor.
 Some say unions were necessary in the beginning. No, no they were not. It doesn't take giving my paycheck to some union hack to protest a company. Every pro union hack I have known has been the laziest &^%$ on the job who couldn't earn a raise. They hate people like me because my work ethic always replaced 3-5 union workers. They hated me even more when I negotiated better wages on my own. There's a reason why when the rights of workers to opt out of a union are restored the majority will.",0
"These are just the homeless who are entitled to our unlimited financial support.

 ""The homeless are poor people who are struggling to survive.""  Lynn Porter.  
""You are confusing cause and effect. Most homeless people are not addicted to anything. If they drink or use other mood altering drugs it’s usually to relieve the extreme stress of being homeless.""  Lynn Porter
""Homeless people have a daily struggle just to survive. Homeless women, I’ve heard, are “terrified”.  Lynn Porter
""Very few people are homeless by choice. Some who say they are homeless by choice are speaking out of pride. Some have PTSD and simply cannot fit into conventional life, if they even have the opportunity to do so.""  Lynn Porter
""In my mind the real “social parasites” are the rich and middle-class people who exploit the poor and working class for cheap goods and services, while refusing to see what they’re doing.""  Lynn Porter
"".Everyone deserves shelter, regardless of choices. "" Lynn Porter",0
How many of the new jobs will you be providing? Where are all of the new jobs coming from? Will there be a vibrant auto parts industry? Manufacturing what? Will some we suddenly have google and yahoo opening offices in Eugene? Maybe make surfboards? What are all the jobs that people speak of?,0
You didn't hurt my feelings. Why would you assume you did? I enjoyed pointing out how Obama not attending the funeral is an example of the dumb attacks rampant in the GOP these days.,1
"Ms Hayes has 'confessed' in front of the media to 'marrying' an alien for a fee so he could obtain citizenship.  

She also confessed to abetting an old boyfriend in marijuana activities illegal at that time and place.

Any legal process after that will be anti-climactic.",0
Ann has my support.....,0
"A 2010 report from the US Surgeon General says even secondhand smoke causes immediate damage to one's organs and poses risk of serious illness or death. 
""There is no risk-free level of exposure to tobacco smoke."" 
I'm very glad to see the Parks and Open Space division take action to eliminate smoking in our parks, following suit of the UO's tobacco free initiative as well as regulations in effect in other local communities, to minimize public exposure to avoidable health risks. We all deserve the opportunity to recreate in areas without exposure to cigarette smoke, and if the public follows this policy it will also remove the threat of fire danger from persons choosing to smoke in the Ridgeline and other natural areas during fire season.",0
Throw his lousy ass in jail !,1
I have been saying this since that stupid fucking show came out. Fuck you Portlandia.,1
"LOLOLOL this IS the process, they are following the constitution. They are doing nothing different than liberal democrats, but once again liberal democrats lecture to do as they say, not as they do, and why we should never underestimate the staggering hypocrisy of liberal political bigots.",1
haha you guys are a bunch of losers.,1
"Here's the real problem. Rush Limbaugh performs a live lobotomy daily tying half his brain behind his back, and has turned the GOP into a bunch of Yahoo's. The Yahoo's are a people found in Gulliver's Travels, who found the biggest idiot amongst themselves and made him King supreme. They heaped great praise on their king, scratching his ear, in spite the fools policies detriment to the whole. They only replaced their king when a bigger idiot came along. Therein the problem of the GOP. How in the he11 do you replace Bush/Cheney? Since Limbaugh only hides behind a microphone and will not run, it is Trump who is up for the job.",1
nice . . Mikey likes it .,0
"Imago Dei does not treat people with respect.  That is the problem. 

You are an apologist for Imago Dei.  What else have you been doing on this thread? You apologize for Imago Dei, insult me and other posters, and  brag about your moral & intellectual superiority. Whoopdedo.

I have read extensively about fundy Christianity and share my bed with an ex-fundy.

Oh yes, Imago Dei says that our relationship is meaningless  because we aren't married.  Of course I am going to tell them to go kiss my grits.",1
"These people basically staged an armed uprising against the United States Government, now they are playing the victims. I was amazed the situation was resolved with only one death. The Feds showed remarkable restraint here.",0
"You equate homosexuality with ""sexual immorality, greed, racism, pride"" in your first post on this thread.  That is a bigoted position.   

Here is my evidence from your post: ""I also believe in respecting people who don’t share this belief and not using my personal faith to restrict equality for others. Therefore, I support gay marriage as a legal right but not as a personal freedom for believers (just as I don’t support believers who engage in sexual immorality, greed, racism, pride, etc…)""

In your world, there is no ""personal freedom"" for my friend Jason to marry his awesome boyfriend.  That is an unacceptable position.",1
if young people who are borrowing thousands for college and can't find a job that tells me the college grads are getting degrees that are not in high demand. I guess the high demand degrees are just too hard for some of the grads! Only reason the dumercrats used the emergency bill is to keep the people from having a chance to vote on it if enough signatures were gathered to oppose it. Why not let people of Oregon vote on it? That's BS from the dumercrats . Brown is a coward,1
"No, that is not at all what this news article says.   It states that the wife claims that ""police concluded that the big rig’s operators were at fault for the wreck. ""

Now either that is a true, or a false statement.   If the police really did indeed conclude in their investigation that the big rig caused the accident, one would then expect that they would have had to have found some evidence to support such a conclusion.",0
LOL... Like in 2014 when because of Obama's policy failures and lies the American people handed both houses of congress over to the republicans. No wonder Canada wants to build a wall to keep democrats out.,0
"Diverse? Sure Trump is the ""epitome of diversity"". No one is immune to his ""diverse"", daily discharges of hate, race baiting, misogyny, and brazen serial lying, ""...Mexicans are rapists..."". A pathetic windbag who tramples (trumples?) civility and compassion with obscene, disgusting comments. He'll go down hard and blame it on someone else.",1
"Tillucum is a word from indigenous peoples long before this whale.  I agree, with the many who think SeaWorld should be shut down.",0
"It's hard to imagine that any Democrat president is going to nominate anyone more to the Republicans' liking than Garland, who they favored roughly as much as Democrats did during his previous confirmation vote. He is moderate, he possesses an agreeable temperament, and best of all, he is old.

As the RG notes, the issue, if there is one, lies not with Garland so much as with Obama, and there Senate Republicans should take note. Clinton, if elected, will certainly not toss them an underhand pitch at the beginning of her first term. One of her first orders of business will be to mend fences with the left side of the party that backed Sanders, so it is highly unlikely she will choose a nominee as moderate as Garland.

So now we wait. Will the GOP do the smart and right thing, or will they double down and pray for President Trump?",0
"another biased, hate-filled, loud, bombastic, angry  german man with funny hair - the last one turned out so well...
+++has any thought been given to how trump would divest himself of financial interests should be become president?  what dark paths will his financial power be hidden?",1
You're such a douche. You have no idea what you're talking about.,1
"Allowing the state wildlife biologists at the Oregon Dept of Fish & Wildlife to manage the wolf population, instead of allowing special interest groups to misuse the courts to set wildlife policies, is hardly being a failure at conservation.",0
"Gee, I moved from California to Portland because I couldn't afford it there. I figure in another decade I'll be living in a trailer in the desert, drinking pbr and shooting rattlesnakes.",0
How about the tens of thousands of I am owed entitled spolied brats remove their lips from the federal government boob? I am sure the billions of dollars they suck each month could be used for the needs of the elderly and veterans.  Farmers are the people that  make sure we have food to eat. Might need to think about where your food comes from when you sit down to eat supper.,1
"In my defense I did say this about Furries: ""Basically: they like to dress up as animals and talk about dressing up as animals and imagine they truly are these animals. It's a deep, personal way for these people to express themselves."" And also pointed out that most of them aren't into the sexual aspect.",0
"Question #3, This isn't a typical situation this Militia and other Militia in the United States have been known to have their own 'trials' and carry out their own type of justice of killing law enforcement or threatening people or creating and filing bogus litigations accusations based on their own laws and what they believe to be  they have determined are against their anti-government cause in a kangaroo court. Militia groups are  often inspired  by their extremist religious beliefs, and delusions of being patriots which they think condones their actions. I'm sure you will learn more from the FBI.",0
What a crock of deluded *&^&.  I would highly recommend this person get to the hospital STAT and have their head removed from their buttocks. This is about a religious war of Islam against Islam. Not even their hatred against Israel and America can unite them.,1
"These people are in jail because they are committing unlawful acts. And, what does this have to do with The POTUS? Don't do something stupid,  then expect the POTUS to get involved. Gosh, people!",1
"somebody has an axe to grind .  Coal is nasty dirty crap , and a hearing on nasty dirty crap is a no brainer , leave it alone . .",1
This bitch is nuts. Who would read a book by a woman.,1
"Motley, are you suggesting the root cause of these problems is Obama and the Democrats? 

That seems a little simplistic with lots of evidence that Republicans have also overseen failures in government oversight and competence. The Iraq War comes to mind.",0
This shit is what happens when you live in a theocratic fascist Oligarchy.,1
Please source your material that says ID believes gays are inferior people . You can't.,1
"Viktor Komarovsky (Dr. Zhivago) as the rich listen to the poor:
""No doubt they'll sing in tune after the revolution...""
Empires almost inevitably fall slowly at first, like a rock that has been tossed in the air. It reaches the heights, then stops, then down and down to a thud. Already the American poor die many years before the Komarovsky rich. But science has no answer for greed and the love of power. The communist empire fell like the Czar's before, with the rich always holding the Trump cards. 

Time will tell if Congress can stop being the grandest American prostitute of them all. Democracy may be irrelevant, as the new order is the International Corporate Country of America, the ICCA. It isn't a democracy, and it has no constitution. And yes, I know that sounds over the top, but for the poor American who is dying for lack of housing or medical care, or pretty much anyone caring, talking about ""pursuing reforms that make the system work"" is pretty useless.
Hugh Massengill, Eugene",1
"You all call it transit.  Here is what I have heard folks  call this so called ""transit""---all heard at the transit center in Eugene: bum trains,  shame train, limo for lushes, a place to hit up (shoot heroin), trash stash (alluding to the allure of the riders), the mission migrator (all the bums headed to the Eugene Mission between 5:30 and 6:00 when they have curfew), the loony bin; getaway car; and so on.   The U of O students get free passes and the bums get free bus passes.  I have to tell you, I am not paying $65 a month to ride with junkies and bums, petty little criminals, a drunk puking into the seat next to him or the guy passed out in the back, with five garbage bags at his feet blocking the aisles.  After working all day,  it would not be worth it. Nope, I will drive.",1
First off IDIOTS HIS HONDA IS NOT STOLEN I HAVE THE TITLE SIGNED OFF BY LAST OWNER IN MY POSSESSION.2ND THE ONLY THING HE WAS IN TROUBLE FOR BEFORE THE CHASE WAS FOR NOT CHECKING IN WITH HIS PROBATION OFFICER WHICH BRINGS THIS FACT TO LIGHT.YOU CAN DOWNLOAD DOUGLAS COUNTY PROBATION DEPARTMENT LIST OF CURRENT PEOPLE ON PROBATION AND SCROLL THROUGH THE ENTIRE LIST HIS NAME IS NOWHERE ON IT.I ALSO HAVE THAT LIST ON MY PHONE DIRECTLY FROM TTHEIR WEBSIGHT SO THEREFORE I AM GOING TO INVESTIGATE MORE AND BE FILING PAPERWORK AND IF NEEDBE I WILL GO THRU FBI TO RESOLVE THE ACTIONS OF THE CROOKED DEALINGS OF DCPD....IF YOURE GONNA WRITE A STORY ABOUT SOMEONE YOU SHOULD GET THE FACTS STRAIGHT..ALSO I WAS NOT ON PHONE WITH MY SON DURING THE CHASE.HE CALLED ME AT THE BEGINNING OF CHASE AND AFTER HE LEFT HIS CAR.THE DEPUTIES WERE RIGHT HE4E WITH ME DURING MOST OF CHASE .SO AGAIN GET YOUR STORY STRAIGHT..I HAVE NOT HEARD FROM MY SONS SINCE THEN...,1
Anyone who knows Alex will find this ridiculous. I wonder why this people are not telling the truth and why they can’t come even close to being as politically active. This guy's posters and art are the most amazing thing that happened to Portland. Too bad that you are just very fake faux anarchists.,1
"don't know much about Austin TX but I like your comment.  I, too, support keeping downtown as it is more or less but a little history is appropriate here regarding Oakway Plaza.  Oakway used to have a theater, Thrifty's and a grocery.  I think a better comparison that fits your comment would be 5th Street Market area.  

In the 70's and 80's, 5th Street was the place to really feel the 'texture' and uniqueness of Eugene.  There were Musicians like Fiddlers, flutes and many local guys and gals.  A Rooster roamed the area and he was a beauty.  People from the University, West side, South side..........just all over w/kids playing around the fountain.  Sawdust on the floors.  No commercialism.  Just totally downhome....w/o pretentiousness.  Now?  OMG  It sickens me to see such financial dedication towards a class of folks that are not a true representation of what Eugene was.  It's like a foreign planet compared to what used to be there and who enjoyed it........which was everyone.  l2g",0
"Coming from a cab driver all I can say is  WAAAAAAAAAAAA! Uber drivers sound like whiny infants.  If you can't handle it, quit driving. Learn some damn customer service,  and get a grip. Quit expecting your job to be easy. This IS NOT an easy job. So quit expecting everything to be handed to you on a silver platter.",1
"My daughter is a student at NW Academy and she actually told me about this sometime ago. I can't stress how thankful I am that my daughter attends NW Academy. The level of education is amazing. 

NW Academy students come from a wide spectrum of demographics from single parents of normal financial means to the very affluent. Thanks to a generous scholarship my daughter is able to attend the school. Mental health problems exist across all spectrums of our society. NW Academy is no exception. 

Prior to attending NW Academy last year my daughter attended public school.  While not all aspects of her previous school were bad crime, bullying, huge class sizes, poor quality of education, unengaged parents and teachers, intolerance, little exposure to performing arts, were just a few of my reasons for moving her to NW Academy. 

I do not regret my decision and I stand by the school.",0
"Outsider:  You accuse ""Ward 1 of SANCTIONING ""this killing.  That's a misuse of the term and radically changes the meaning associated with Ward 1's comment. Please read this definition:

authoritative permission or approval, as for an action.
2. something that serves to support an action, condition, etc.
3. something that gives binding force, as to an oath, rule of conduct, etc.

""Sanctioning"" occurs BEFORE the action.  It gives 'prior' approval to the action.  In this case it would be saying ""go ahead and kill Finicum.""  To my knowledge, no one...no State Police Official, no FBI official, and certainly not Ward 1, provided such sanction.  I think Ward 1 accepted the evidence and testimony supporting that the shooting of Mr. Finicum was justified.....a decision made ""after"" the shooting.

I trust you see the difference.   thanks, Gary",0
"That's it?
Where's the St. Patrick's Day Parade?
Where's all the St. Patrick's Day Festivals?
Come On Eugene!  It's St. Patrick's Day, for Cryin' Out Loud!",0
"Uh, no. It's the hate-filled conservative core that has finally found a guy who stands up and says it, loud and proud: I'm a bigot!
What's amazing is the continuing support among the conservative poor for the repeal of Obamacare. Many of them and their families are profiting from it and yet, like higher taxes on the rich or a higher minimum wage, they oppose it.
This incredible stupidity on their part has been going on for years. It's like watching the village idiot hit himself in the head, repeatedly, and complain of a headache.",1
"You are a fucking cunt, lady.",1
"Tongue firmly in cheek.  How did he manage to pass the background check to acquire his handgun??  Surely several more gun laws would have prevented this shooting.

Seriously though, this is the kind of criminal the murdered Sgt. Gooding in Seaside.  The liberals in Salem can try to goody two shoes these animals all they want.  Shorter sentences and probation are not the answer.  This idiot will end up killing someone if he doesn't get killed by the cops first.",1
"I guess people could ask the same of Obama, or anybody else, but why speculate over nonsense?",0
"Had Susan done her homework before forming an opinion she would have learned that we used to be able to buy an affordable home on the federal minimum wage. The mortgage cut our rent in half so we didn't need Section 8 subsidized housing and in what we saved in rent we didn't need food stamps either. The mortgage grew wealth through equity that shortened the gap between rich and poor by lifting us to entry level middle class.
 It wasn't until Oregon democrats pushed through high density planning that outlawed this affordable housing to increase property tax revenue were we made dependent on the welfare state. Wages are not the problem, taxing citizens out of housing and preventing affordable housing from being built is the problem.",0
"Isn't that exactly what the bill would do, ""attach felony charges to motorists who run into people while engaging in unlawful driving""?  Or, are you really just anti-car?",0
"The blame lies squarely with the ""moral majority"" republicans on this one, and it is in understanding how they created this problem will we be well on our way to solving it as best that it's ever going to be ""fixed."" William F Buckley tried to stop this from being created, and the this but one reference of the many addressing the issue https://www.youtube.com/watch?v=4Vfz2O0NXuE",0
"This isn't Nashville hot chicken . It's actually a disgrace to Nashville to call this Nashville hot chicken . All it is is regular crappy kfc chicken with nasty oil lathered on top . It comes nowhere close to the spicy , soulfood flavor of actual Nashville hot chicken . It should be a law for a hole reviewing this crap to actually have to eat Nashville hot chicken before their review .",1
"Yes, up rather than out is a good plan.  Many who have lived in high density cities (like Manhattan) love the density.  With high density, stores serving basic needs sprout within walking distance.  It becomes unnecessary to use private transportation in typical activity.  Renting is fine relieving the renter of maintenance and up keep headaches.  Only problem I find with this opinion is the dig at my favorite President.",0
"Affirmative action to match the US population?   C'mon Man!  It's gonna really be hard to find that many non-blacks (other than  some Samoans) who won't get squashed flat on their first 1st down or slammed over the top by that 6'8"" black forward!  You're talking like a crazy man!",1
"If he is as ignorant and stupid as all his opponents say, how come he has a current net worth of  $4.5 Billion?

If it's really his advisors that he relies upon and not himself, then why can't he just hire more advisors?    I'm positive that President Obama didn't appoint the 2,000 plus people to their offices which required Senate ""Advice and Consent"" without advisors;  why couldn't Trump do the same?",1
"Hey Wayne, your first comment's still in the thread.",0
The possible desecration of artifacts really adds insult to injury in this case. This was *not* an effective way to communicate their point.,0
"these non compliant dispensary owners are grinding on me.  are THEY the bad apples that are going to spoil it for all the legal, compliant marijuana users and sellers?  kind of want to go to my friendly neighborhood dispensary(s) and ask them if they have complied.  No?   i guess I will pay you 75% of the money you charge and i'll go ahead and put that other 25% in the mail to the IRS myself.   follow up question...are you nuts?  talk about killing the golden goose...",1
"another mental midget equates trump to Hitler, and therein these mental midgets belittle what Hitler did. These mental midgets absolutely disgust and sicken me. It takes a sick demented person to equate a loud mouth jerk getting sucker punched after begging for it, with the genocide of Jews. They have no shame, but then again, they have no intelligence either.",1
"No, Junior. It's in print and you still cant follow. I never asked you for examples, that is someone else. I pointed out you bias. You then deflected, and now humiliate yourself in public unable to follow a friggin post that's IN PRINT. Junior, if you're not on drugs, get help.",1
"You have no business in the writing industry because clearly you twist things and make absolutely no sense. You obviously don't know about Bruce's early life experiences. You seem jealous of his writing talent and in my opinion have a strange disconnected understanding of how this world works. Those of us that are fans are a very unique group of people that are often not understood by people that ""don't get Bruce the way we do"". You seem jealous of that too.  So go to your other concerts, leave us alone and go figure out ""who"" you are instead of writing false insults about people you envy.",0
"The Portland-area folks who oppose this tax would change their tune if they were in the running for an NFL team. They would tap this tax and maybe ask for it to be raised so they could build a new stadium. And they would raise their already-oppressive room taxes, which truly affect all of us because we all have to go to Portland now and then. I think they are hypocritical.",0
"PS: find it bothersome that after submission the ""layout"" is changed. In first post the 

intention was to list the concerns individually as in 
   1
   2
   3

as opposed to a paragraph of complaints. 

I will try this layout test to see what the system does to it if anything.",0
"wow.....to come off even dumber than Trump is a real feat these days, but you've done it, Martin! your level of ignorance is yuuuuuge.",1
"The issue with the homeless being allowed to do this is that the vast majority of them don't tend to respect anything. They throw their garbage wherever they feel like it and don't really follow these ""laws"" of where it's alright to set up a tent. Just check out east Hawthorne bridge with over 20 tents, nightly campfires, and beer drinking bike chopping parties. 

Was walking the ramp from EB Esplanade over the Steel Bridge around 7pm. A couple of homeless people had set up a large shelter (plywood, tarps, etc.) blocking the sidewalk and had garbage all around. They also had a poorly managed pit bull off-leash, that ran up at my wife and I as we got close to their shelter, wouldn't get away from us, actually moving us off the sidewalk into oncoming traffic, continued following us far away from their shelter. The homeless were outside, watching, said nothing of their dogs behavior and seemed to be perfectly fine with it. 

You can be homeless. Don't be trashy, dis-respectful homeless",1
You are ignorant. Pure and simple.,1
I'm glad to know the stone lions were saved and not destroyed.,0
"I keep waiting, in all sincerity, for Trump to go ""Just kidding!  Did this on a bet to see how many stupid things I could say and still be in the lead against these numbnuts!""  
Makes me worried the front runner for the GOP best quality is ""entertaining.""",1
"Motley:  I don't live in or own property in Eugene.  However, as Bill Clinton used to say ""I can feel the stupidity.""",1
"And if your job has been eliminated by globalization or technology, no matter what your party, the fact that the education you had before met your needs as well as that of society,  'blaming' your anger on your failure to get an MBA so you could have made money from working in a hedge fund isn't going to sell to those voters.  Hence, Trump and Bernie.  Hillary 'blames' it on misogyny and right wing tea partiers and racists and everyone except the banks that are funding her.",1
"JenW, you're flat out wrong. I'm talking about their own stated beliefs. ""We believe that Christ's gifts are equally given to men and women to build up His Body,"" the church website declares, ""but that God has designated men to fulfill the primary role of spiritual leadership."" That belief is a big load of stinky, misogynist bullshit.",1
"Well, the easter egg in the penultimate sentence was...it's [sic] own reward.",0
"Progressives who support the free  exercise of Muslim religious beliefs, including mutilation, and death for homosexuals don't get a free pass.  

These are some more Muslim religious values:    ""Criticizing or denying Muhammad is a prophet is punishable by death.  A man can marry an infant girl and consummate the marriage when she is 9 years old.  Testimonies of four male witnesses are required to prove rape against a woman,  A woman who has been raped cannot testify in court against her rapist(s).""

Democrats can't have it both ways.  Some religious values are too repugnant to be protected, even in the United States.",1
That same logic would explain the result of it being easier to be a heartless jerk in America than many other developed nations...,1
"Those ""sleepers"" are the same chronic mendicants who are polluting our lands and waterways with their human waste, needles, garbage, etc. No one has the right to defile, or otherwise destroy, our public spaces in this manner. The practice of leaving it better than you found it continuously eludes the majority of these derelicts. You are purposefully confusing the issue of sleep with the issue sanitation, particularly when its relationship to public safety, or in this case, financial responsibility is in everyone's best interest. The right to sleep does not include the right to be a pig.",1
"Greetings Dr Hurd,
One paper I referred to is here,
http://bio-complexity.org/ojs/index.php/main/article/view/BIO-C.2011.1/BIO-C.2011.1
It basically illustrates why non-beneficial serial mutations are limited.
Admittedly, I was shooting from the hip, with my references, as I read a great number of articles and have difficulty finding them again when needed to support an argument.
I am aware bacteria covers the world, I was referring to the imaginary concept of one bacterial type, trying to overcome the same survival hurtle, covering the world.  These are the numbers necessary for even modest serial mutations.
If you are a true believer in the random mutation/ natural selection source for all biological information, then please consider the math.  That is science.
I imagine you must buy a lot of lottery tickets, given the tremendous power you give to chance .   :)",0
"Mr. Mciver:  You raise a very good point.  Indeed, one person's settler is another's squatter.  

Here in Oregon, one persons's ""protester"" is another's ""armed occupier.""  Across the world, individuals are ""terrorists"" or ""freedom fighters.""  It seems all of life is a matter of perspective.   cheers, Gary",0
"Bananas, cold sores and The Great Gatsby",0
Offended?  Hardly.  And I admit to my biases and even provided you unnecessary information so you could perceive the possibility of a PERS bias.  My bias is absolutely against the SEIU Corporations  and their  continuing greed for more and more taxpayer money to increase SEIU's political warchest and even more benefits for its union members.,0
Great,0
"It's obvious  that the man hates pussy, lol, I guess everyone has the right to not like something, but when you go into someone else's Place, and grab there pussy they love so much and then grab there pussy right in front of them!!, and then beat it up real bad, he must be a real bad man!!!!!!",1
"I agree with the supportive comments to this story.  This teacher is enthusiastic and engages her students. The map allowed them to learn major geographic features of Africa in a fun, creative way - a perfect assignment for an arts focus school. My child is thriving at Da Vinci, which allows him to learn in a way that suits his artistic and musical interests. I would add that the student body is more diverse than our neighborhood school, in terms of ethnicity and economics.",0
"I would like to know why all these people aren't offended by the name Willamette Week?!!!  Did we not settle on the very people's land (the Kalapuya) who first named the Willamette river and valley (and to this day hold the land as sacred) and destroy their culture?  How dare this racist weekly rag exploit that name for a white run, mostly white staffed paper writing about stuff that 99% of the time caters to today's evil american ""hip"" crowd, who are direct descendants of the conquerors and continue to ""gentrify"" this city!  

Acker - I want a full, snarky article condemning this institution you work for who are clearly exploiting the history of the native Willamette valley people and their struggles.  Get to writing....after you are done nursing your Friday night hangover at a boozey brunch in one of the N or NE portland hip streets that have been gentrified!",0
"and gosh, that's certainly worked out well, hasn't it.,,,",0
"Chomp, chomp ... SLURP! Pigs at the trough. More slop from the public, please!",1
"Perhaps then, the bigger accountability would be for Piercy to begin her supposed plans for a public shelter, housing first model, which she spoke of on KVAL last month.  Homeless citizens, are citizens, like you and I.  I frequent the park blocks every weekend to distribute pet and people supplies to the unhoused. Many of whom pay taxes, just like you presumably do. Furthermore, I do not see only vagrants and drug dealers. I see an eclectic group of citizens downtown to enjoy high end, expensive restaurants and shops , such as Belly, Sizzle Pie, etc.",0
"Sounds like Portland, Metro, and Travel Portland need to get the Portland lodging tax decreased by 1% or more. It's that tax that is the problem.",0
His campaign will be dead before we will get to vote.,0
"David thanks for this piece. And, by the way, thanks for what you do. Thanks for helping. Given the work you do, I'm grateful to read what you think. I consider it a more informed opinion.",0
"Criminy, WW, what the hell? Did I also miss your self-righteous tirade against Best Baguette and how French imperialism is so bitter, it ruined your boba tea?",1
"As for ""slipping through their fingers,"" that happened long ago when Rush Limbaugh became the voice of the GOP. He performs a live lobotomy daily tying half his brain behind his back, and is an insult to true conservatism, and an insult to William F. Buckley. To paraphrase Reagan...I didn't leave the GOP the GOP left me.",0
"Eduardo Olivares leaves me wondering if he is complaining about high school or college, and if he speaks English as a primary language.

If it is college, he can always enroll in fewer classes.",0
"I agree. I wonder how far away the shooters were. Shooting through foliage? At what? They could hear her scream but failed to respond?

""misdemeanor charges of fourth-degree assault and recklessly endangering another person"" 

Got off light. I would have thought something with some jail time would have been right. That and taking away their guns.",0
"The Malheur Refuge was created 108 years ago, by President Theodore Roosevelt, considered one of the greatest Presidents in US history.

No one in their right mind was in favor of doing away with this refuge, and opening it up for cattle grazing and hunting, as Bundy and Finicum told the public that they were doing.   They actually tore down a fence to help ranchers bring their cattle on the refuge, only to have the next door rancher have to repair the fence at his own expense, in order to prevent his cattle from straying onto the refuge.   The rancher wanted nothing at all to do with their insanity.  And Finicum even publicly invited hunters to come hunt on the refuge.

No, these men were clearly unhinged and cuckoo.",1
"That sucks, but mostly because the real estate owner is Californian.",1
"This is just freaking sad. Another great place lost to greedy developers building more huge apartments in an already crowded area. So long Portland, you are becoming the worst city ever.",1
Nope,0
Are you suggesting that the Oregon Attorney General NOT place mandatory minimum sentences because doing so will lead to martyrdom and encourage others to do equally stupid things?,1
I can't post a comment about rats on a sinking ship but letters like this are even published in the first place? Screw your civil comments garbage because they're all one sided. The left side. BS.,1
"Absolutely true Mr. Porter, it's a middle-class comfort issue. The feigned paternalism--""it's for their own good""--is so completely nauseating. The real dirty, sleazy, vulgar people are those that pretend that the presence in the streets of people who have no home is the problem when in fact the problem is the greed of the very same people who create such ordinances. I say attack these parasites by taxing them back down to human scale. They think poor and working people are their appliances or worse,  garbage. Their arrogance is a form of violence and deserves a response in kind.",1
"bwahahahahahahaha. The mentally ill cannot change their way of thinking, and above all else, liberalism is a mental illness.",1
"Romain is most correct as the City is stating it will spend this gasoline tax monies on projects other than road repair and maintenance, which is largely against the Oregon Constitution, Article IX, section 3a.
                                                                                                                                    
Moreover, we learn just this week yet another bad deal the Portland City Hall rushed quietly passed the public, wasting $15 million cleaning up toxic wastes left behind by private concerns who also received low priced real estate from the City.  Commissioner Fish has ""apologized"" for this transgression, and then a month ago the City auditor raked the City Council over the coals for handing out grant monies without a transparent process.
                                                                                
This City Council and the ones before it are routinely corrupt and waste our scarce public resources.  No on any new tax measures.",0
"When Tyree had a huge spill in the Whiteaker that contaminated the Willamette River, the press said that fuel storage facilities were required to have containment that would catch all of the fluid in their largest container should it rupture. Tyree didn't have this, but DEQ only gave them a tiny fine (smaller than the value of the fuel lost into the river).

It's time to make the fines large enough to compel compliance and add criminal charges for the executives and owners of the companies who cut corners by not having containment. Perhaps we should consider banning such people from doing business with hazardous substances if the violate such basic regulations.",0
"The Black one isn't a scientist, unlike her White counterparts.  #Hollywoodsowhite",1
"That was one of the most pointless articles I've ever read - even for clickbait, which it clearly is. I certainly hope you are not getting paid for this drivel.",0
"steer manure.......  these terrorists do not have the right to invade our state, our wildlife reserve, and state that it no longer belongs to the taxpayers but to them.....  they are acting like the group ISIS.....  destroying historical relics and threatening those who have other views with death.",1
"That's simply not the case. Employer-provided health insurance saw a reduced rate of increase under the ACA while the policies were upgraded. For those of us buying individual policies, the ACA has been fantastic beyond belief. Prior to the ACA, the only affordable policies were catastrophic policies that would be cancelled if we ever used them, so they were one-time coverage deals. Under the ACA, our policies cover more, cost less and can't be cancelled for using them. My family's health insurance costs dropped by four thousand dollars per year for our much, much better coverage.",0
"Alpha blowhard, perhaps, but haven't we gotten beyond the idea of masculinity as being necessarily the loudest, most arrogant,  most selfish, and most obnoxious personality in the room?",1
I wonder how much this is going to cost the SUB rate payers for upgrading the power grid in Glenwood to accommodate what has to be a huge increase in the electric load for that area.  New substations aren't cheap.,0
"What a pile of fucking tripe. Portland died the day Mark Zussman bought Willamette Week. Totally makes sense that some rich guy who lives in Riverdale owns Portland's alternative weekly. If that's not the fox guarding the coop, then you tell me what is.",1
"This is not religious discrimination, this is a douche bag trying to be ""special"" by way of cultural appropriation.",1
"it's called LIBERAL DEMENTIA, a social disease void of intelligence, logic, and common sense. Facts will only confuse the dickens out of this person.",1
"robert.  it doesn't matter what you say.  you have no credibility.  you work as a telecom shill, you show no science and you make false claims.  Devra Davis did get a Nobel Prize that was shared with Al Gore:  http://ehtrust.org/wp-content/uploads/2013/05/CurrentDevraLeeDavisResume2013xLHDLD2.pdf",0
"So who is going to be put in charge of waking up the homeless and having them tear down their tents? Parking lot attendants? The police? How long is it going to take until homeless advocates go in there with cameras recording the homeless getting waken up and being told to move out, then complain about how inhumane it is to force them to move? Who is going to front the insurance claims when peoples' vehicles inevitably get broken into? The city (*cough* taxpayers *cough*)? Or will they just deny that it was due to the homeless camp they created and it was just a ""random act""? Where are these people going to go to the bathroom? Where are their dogs going to go to the bathroom? They already defecate all up in the stairwells, this will just make it much worse. Is the city going to spend the extra money for custodial cleaning of all the stairwells every morning so commuters paying to park don't have to avoid piss and crap on their way to work?",1
"The “Beltway Pundit”? You do realize it's a blog? Apparently not I'd say. Never the less I say as long as either the republican or democrat establishment has your support the only real party in trouble are the few remaining Americans with commonsense. 

Ask me how I know. It's because you didn't even begin to touch this truth ""The real stupidity comes when individuals or groups like Codepink claim “Koch Kills Democracy” When true democracy is nonexistent in the use of super delegates by democrats. I believe it’s safe to say they don’t call them the donkey party because of their intelligent"".",1
"I fully agree with @HiMom!'s comments.  

The short story here is exactly that: ""Why can’t beer and bud be sold at the same event? They are both recreational drugs that are legal to those over 21."" 

When we, as citizens, voted to recreationalise marijuana, we didn't say ""Please, OLCC, create arcane, awkward laws separating it from other legal drugs!"" No, that construction has purely been their own (unless maybe I didn't read the statute fully?) .

In fact, it goes against the OLCC's own FAQ on their website, which states that the purpose of measure 91 is to ""Eliminate the problems caused by the prohibition...of marijuana"". 

Creating arbitrary lines between pot and booze seems counter to the spirit of full legalisation. 

Please, OLCC, we beg of you. Stop this nonsense. Just let things be. If I want to drink and use marijuana, just let me. I'm an adult. And that's what I voted for.",0
"Don't be ridiculous.  This is about Brown.  But the jury could have found that Phil Hutchinson intended to inflict harm on Brown, and barely punished him for that -- $2200.  (Brown was asking for a total of $60k).  All of which is to say, again, that Brown -- who raped women, who abused women -- needs to be called out in spades, which has happened.",1
"You need to do a  bit of research regarding Sheriff Palmer's comments and actions.  He openly supported Bundy & Crew with his comments that they were defending America against the government.  He met with Ritzheimer and Payne, two of the now indicted militia members and had them autograph his pocket copy of the Constitution.  He was in attendance, in full uniform, at the meeting the Bundys and some of them followers, including of course, Funicum, were heading to when they were arrested.  Some of your comments are amazing..""asking for autographs does not comprise public support.""  ""Meeting with them does not comprise public support.""

Palmer took public stands and took actions which directly undercut the actions of the Sheriff of Harney County, the Oregon State Police and the FBI.  He supported very publicly armed occupiers who are now jailed and awaiting trial for serious crimes. 

You're welcome to support such actions.  But, I must ask,  WHY?",0
"""hypocrisy"" doesn't begin to cover it. Patriot web-site have numerous quotes from gc many of which are nothing less then libel.",1
"I agree it is a hassle but it forces me to be more concise. And I am learning tricks like ""7"" instead of ""seven"".",0
"The issue of the 19 - 16 year old is, who's the aggressor and why? The 19 yo is college age, the girl a junior  (?) in high school. True love or nailing a virgin (maybe)? With teenage sex, the girl takes home the puppy.
As to did the old guy commit crimes? He denies it - of course. I imagine there's more evidence than an accusation.",1
"These parents are a bunch of pussy ass crybabies. As a Lincoln student I personally know that approxametilie 80% of he school is white. Pat Adelman had every right to get mad at the players for being racist themselves.  The parents are to blame, as they need to pull the stick out of their ass",1
"I hope that this incident leads to an examination of the role that white terrorist supply houses like tacticalshit dot com play in these events and in sustaining the paramilitaries. 

This site operates like a Snipers R Us Outfitters, offering weapons, gear, sniper and other ""tactical"" training videos, links to chat rooms where these crazies discuss the C-4 and other bomb-making materials they have cached, 3% and 2A paramilitary uniform insignia, anti-government diatribes, you-name-it, they can hook you up....

These people declared war against the American people a long time ago, and they became terrorists when they decided that they could shoot down people under their own “authority” whenever, why ever and however they have a mind to.

They become active terrorists the minute that they stepped off of their own property with their guns.",1
"Because they will select the opponent whom he will have beaten, and I believe that their selection process is seriously un-democratic and flawed.",0
"Hey, thanks for being a condescending garbage person! I bet you derived a lot of satisfaction out of typing that and no doubt smiled upon completion, marveling at your own ability to yet again be a jerk to complete strangers on the internet. Given your poor decision-making here  and the arrogance it must've taken to think writing this comment was a good idea, I highly doubt you're qualified to welcome anyone to the real world.",1
